serial,model_name,os,popularity,best_price,lowest_price,highest_price,sellers_amount,screen_size,memory_size,battery_size,release_date
0,1 1/8GB Bluish Black (5033D-2JALUAA),0,422,1690,1529,1819,36,5,8,2000,Oct-20
1,1 5033D 1/16GB Volcano Black (5033D-2LALUAF),0,323,1803,1659,2489,36,5,16,2000,Sep-20
2,1 5033D 1/16GB Volcano Black (5033D-2LALUAF),0,299,1803,1659,2489,36,5,16,2000,Sep-20
3,1 5033D 1/16GB Volcano Black (5033D-2LALUAF),0,287,1803,1659,2489,36,5,16,2000,Sep-20
4,1.3 1/16GB Charcoal,0,1047,1999,,,10,5.71,16,3000,Apr-20
5,10 6/64GB Black,0,71,10865,10631,11099,2,5.8,64,3400,Jun-18
6,10 Lite 3/32GB Blue,0,424,3999,,,2,6.21,32,3400,Dec-18
7,10 Lite 4/64GB Black,0,134,4973,4733,5295,6,6.21,64,3400,Jan-19
8,10 lite 3/128GB Blue,0,477,5100,4990,5222,3,6.21,128,3400,Jan-21
9,10 lite 3/64GB Black,0,215,4948,4646,5372,8,6.21,64,3400,Dec-18
10,10 lite 3/64GB Black,0,179,4948,4646,5372,8,6.21,64,3400,Dec-18
11,10 lite 3/64GB Blue,0,437,5165,4897,5559,7,6.21,64,3400,Dec-18
12,105 DS 2019 Pink (16KIGP01A01),7,18,583,528,649,28,1.77,0.004,800,Oct-19
13,105 Dual Sim 2019 Black (16KIGB01A01),7,262,601,539,703,31,1.77,0,800,Nov-19
14,105 Dual Sim 2019 Black (16KIGB01A01),7,274,601,539,703,31,1.77,0,800,Nov-19
15,105 Dual Sim New Black (A00028315),7,507,552,499,606,2,1.8,0.004,800,Sep-17
16,105 Single Sim 2019 Black (16KIGB01A13),7,805,536,449,642,31,1.77,0,800,Nov-19
17,105 Single Sim 2019 Pink (16KIGP01A13),7,692,547,496,709,35,1.77,0,800,Nov-19
18,105 Single Sim New Black (A00028356),7,460,663,499,1169,5,1.8,0.004,800,Sep-17
19,105 Single Sim New Black (A00028356),7,455,663,499,1169,5,1.8,0.004,800,Sep-17
20,105 Single Sim New Blue (A00028372),7,378,474,450,499,2,1.8,0.004,800,Sep-17
21,105 Single Sim New White (A00028371),7,59,499,,,1,1.8,0.004,800,Sep-17
22,106 New DS Grey (16NEBD01A02),7,838,596,544,699,35,1.8,0,800,Jan-19
23,106 New DS Grey (16NEBD01A02),7,841,596,544,699,35,1.8,0,800,Jan-19
24,10i 4/128GB Black (51093VQV),0,532,5499,,,2,6.21,128,3400,May-19
25,10i 4/128GB Blue (51093VQX),0,444,5499,,,2,6.21,128,3400,May-19
26,110 Dual Sim 2019 Black (16NKLB01A07),7,471,710,640,1164,34,1.77,0,800,Nov-19
27,110 Dual Sim 2019 Blue (16NKLL01A04),7,248,702,640,909,36,1.77,0,800,Nov-19
28,125 Dual Sim Black (16GMNB01A17),7,807,992,899,1249,50,2.4,0,1020,Jul-20
29,15 4/128GB Black,0,490,6584,,,1,5.45,128,3000,May-18
30,15 4/64GB Black,0,166,5272,4970,5448,3,5.45,64,3000,May-18
31,15 4/64GB Black,0,125,5272,4970,5448,3,5.45,64,3000,May-18
32,15 4/64GB Black,0,116,5272,4970,5448,3,5.45,64,3000,May-18
33,15 Plus 6/64GB Black,0,666,5328,,,1,5.95,64,3500,Jun-18
34,15 Plus 6/64GB Gray,0,415,5328,,,1,5.95,64,3500,Jun-18
35,15 Plus 6/64GB Gray,0,405,5328,,,1,5.95,64,3500,Jun-18
36,150 Black,7,920,1180,959,1479,61,2.4,0,1020,Feb-17
37,150 Dual Sim Cyan (16GMNE01A04),7,543,1190,1090,1479,39,2.4,0,1020,Jul-20
38,150 Dual Sim Red (16GMNR01A02),7,835,1196,1090,1529,39,2.4,0,1020,Jul-20
39,150 White,7,645,1090,959,1566,12,2.4,0,1020,Feb-17
40,16 6/128GB Black,0,1111,5926,5290,6526,11,6,128,3100,Nov-18
41,16 6/64GB Black,0,1144,5231,4599,5759,19,6,64,3100,Nov-18
42,16X 6/128GB Dual Purple,0,663,5649,5599,5699,2,6,128,3100,Mar-20
43,16Xs 6/128GB Pearl White,0,900,7229,6840,7786,11,6.2,128,4000,Nov-20
44,16th 6/64GB Black,0,1063,7776,7049,8196,9,6,64,3010,Sep-18
45,1B 5002H Pine Green (5002H-2BALUA12),0,195,2399,,,4,5.5,16,3000,Sep-20
46,1B 5002H Prime Black (5002H-2AALUA12),0,616,2408,2168,3185,31,5.5,16,3000,Sep-20
47,1SE 3/32GB Power Gray (5030D-2AALUA2),0,629,3249,2889,3299,38,6.22,32,4000,Oct-20
48,1SE 4/128GB Agate Green (5030E-2BALUA2),0,790,3877,3581,3899,35,6.22,128,4000,Oct-20
49,1SE 4/128GB Agate Green (5030E-2BALUA2),0,793,3877,3581,3899,35,6.22,128,4000,Oct-20
50,2.2 2/16GB Black,0,1052,2299,,,1,5.71,16,3000,Aug-19
51,2.3 2/32GB Green,0,870,2799,,,2,6.2,32,4000,Feb-20
52,2.4 2/32GB Charcoal,0,1031,3162,2999,3299,17,6.5,32,4500,Sep-20
53,20 6/128GB Black,0,823,9999,,,1,6.26,128,3750,Jul-19
54,2003 Dual SIM Dark Gray (2003D-2AALUA1),7,538,655,649,809,26,2.4,0,970,Oct-20
55,2003 Dual SIM Dark Gray (2003D-2AALUA1),7,527,655,649,809,26,2.4,0,970,Oct-20
56,2003 Dual SIM Metallic Blue (2003D-2BALUA1),7,193,654,647,809,27,2.4,0,970,Oct-20
57,2019 Single SIM Metallic Gray (2019G-3AALUA1),7,545,864,849,1176,23,2.4,0,970,Oct-20
58,2053 Dual SIM Pure White (2053D-2BALUA1),7,475,900,899,938,25,2.4,0,970,Oct-20
59,2053 Dual SIM Volcano Black (2053D-2AALUA1),7,585,898,795,1129,33,2.4,0,970,Oct-20
60,210 Dual SIM 2019 Black (16OTRB01A02),7,464,1153,975,1199,20,2.4,0.016,1020,May-19
61,230 Dual Blue (16PCML01A02),7,65,1864,1717,2229,33,2.8,0.016,1200,Mar-19
62,230 Dual Dark Silver (A00026971),7,860,1847,1725,1939,54,2.8,0.016,1200,Dec-15
63,2720 Flip Black (16BTSB01A10),3,883,2530,2395,2689,26,2.8,4,1500,Sep-19
64,2720 Flip Red,7,721,2567,2389,2699,35,2.8,4,1500,Jan-20
65,2720 Flip Red,7,719,2567,2389,2699,35,2.8,4,1500,Jan-20
66,3 Pro 6/128GB Nitro Blue,0,103,7068,,,1,6.3,128,4045,Oct-19
67,3 Pro 6/128GB Nitro Blue,0,128,7068,,,1,6.3,128,4045,Oct-19
68,3.4 3/64GB Charcoal,0,1132,3899,3550,4049,24,6.39,64,4000,Sep-20
69,3T 128GB (Gunmetal),5,235,6991,6195,9399,9,5.5,128,3400,Jan-17
70,3T 128GB (Gunmetal),5,188,6991,6195,9399,9,5.5,128,3400,Jan-17
71,3T 64GB (Gunmetal),5,921,5856,5630,6299,10,5.5,64,3400,Dec-16
72,3X 5048Y Black (5048Y-2AALWE12),0,194,3590,,,1,6.52,64,4000,Sep-20
73,40 Neon,0,190,840,,,1,4,8,1300,May-16
74,40 Neon,0,224,840,,,1,4,8,1300,May-16
75,5 4/128GB Violet,0,280,5757,,,1,6.5,128,5000,Mar-20
76,5 6/64GB Black,0,337,7333,,,1,5.5,64,3300,Jun-17
77,5 6/64GB Slate Grey,0,234,7333,,,1,5.5,64,3300,Jun-17
78,5 Pro 8/128GB Green,0,38,8294,,,1,6.3,128,4035,Jan-20
79,5 Pro 8/128GB Green,0,88,8294,,,1,6.3,128,4035,Jan-20
80,5 Pro 8/128GB Green,0,97,8294,,,1,6.3,128,4035,Jan-20
81,5.3 4/64GB Charcoal,0,1156,4429,4150,4583,42,6.55,64,4000,Jun-20
82,5.4 4/128GB Polar Night,0,701,9323,9166,9599,4,6.39,128,4000,Jan-21
83,5310 2020 DualSim Black/Red (16PISXO1A18),7,888,1365,1260,1419,46,2.4,0.016,1200,Apr-20
84,5i 4/64GB Green,0,137,4761,4532,4990,2,6.5,64,5000,Mar-20
85,6 4/128GB Blue,0,1139,5936,5599,6345,20,6.5,128,4300,Apr-20
86,6 4/64GB Blue,0,1045,5299,,,1,6.5,64,4300,Apr-20
87,6 64GB Black,0,309,6381,5265,7011,3,5.5,64,3000,Apr-17
88,6 64GB Silver,0,21,5265,,,1,5.5,64,3000,May-17
89,6 8/128GB Blue,0,1118,6767,6289,9547,34,6.5,128,4300,Apr-20
90,6 Pro 8/128GB Blue,0,1117,8045,7499,9006,10,6.6,128,4300,Apr-20
91,6.1 4/32GB Black,0,620,3820,3792,3848,2,5.5,32,3000,Jun-18
92,6.1 4/64GB Black,0,798,3962,3885,4099,4,5.5,64,3000,Mar-18
93,6.1 Plus 4/64GB Blue,0,202,5020,,,1,5.8,64,3060,Sep-18
94,6S 4/64GB Eclipse Black,0,329,5777,,,1,6.5,64,4300,Jan-21
95,6S 4/64GB Eclipse Black,0,291,5777,,,1,6.5,64,4300,Jan-21
96,6S 6/128GB Lunar White,0,953,6078,5749,6270,5,6.5,128,4300,Oct-20
97,6T 8/256GB Midnight Black,0,661,15625,15080,16213,8,6.41,256,3700,Oct-18
98,6i 3/64GB White,0,989,4292,4089,4599,17,6.5,64,5000,Apr-20
99,6i 4/128GB Green,0,1042,4946,4699,5044,27,6.5,128,5000,Apr-20
100,7 16GB (Gold),0,158,2766,,,1,5.2,16,3100,Jul-15
101,7 16GB (Gold),0,133,2766,,,1,5.2,16,3100,Jul-15
102,7 16GB (Gold),0,108,2766,,,1,5.2,16,3100,Jul-15
103,7 6/64GB Mist Blue,0,570,6215,5990,6658,3,6.5,64,5000,Feb-21
104,7 8/256GB Mirror Gray,0,1022,14443,13920,15449,11,6.41,256,3700,Jul-19
105,7 Plus 4/64GB Black,0,375,7612,6014,9211,2,6,64,3800,Mar-18
106,7 Pro 8/128GB Mirror Blue,0,1179,8584,8199,9547,23,6.4,128,4500,Oct-20
107,8 12/256GB Onyx Black,0,1067,17172,16500,18497,11,6.55,256,4300,Apr-20
108,8 3/32GB Blue,0,535,3613,3199,3848,3,5.2,32,3000,May-18
109,8 4/64GB (Blue),0,693,3499,,,1,5.2,64,3000,Nov-16
110,8 8/128GB Onyx Black,0,1155,15840,14863,16999,13,6.55,128,4300,Apr-20
111,8 Dual SIM Silver,0,626,6222,,,1,5.3,64,3090,Oct-17
112,8 Pro 12/256GB Glacial Green,0,1095,22587,21778,25999,32,6.78,256,4510,Apr-20
113,8 Pro 8/128GB Onyx Black,0,1161,20709,20095,21999,23,6.78,128,4510,Apr-20
114,8.3 5G 8/128GB Polar Night,0,1055,19041,18500,20517,18,6.81,128,4500,Oct-20
115,800 Tough Black,7,609,3241,2989,3749,37,2.4,4,2100,Oct-19
116,800 Tough Sand,7,560,3216,2989,3299,27,2.4,4,2100,Jan-20
117,8A 2/32GB Gold,0,383,3199,,,1,6.09,32,3020,Mar-19
118,8A 3/64GB Blue,0,430,3844,3690,3999,2,6.09,64,3020,Nov-19
119,8A 3/64GB Blue,0,433,3844,3690,3999,2,6.09,64,3020,Nov-19
120,8S 2/32GB Black (51093ULM),0,767,2499,,,1,5.7,32,3020,May-19
121,8S 2/32GB Black (51093ULM),0,769,2499,,,1,5.7,32,3020,May-19
122,8T 12/256GB Cyberpunk 2077 Limited Edition,0,938,23999,23999,24000,2,6.55,256,4500,Jan-21
123,8T 12/256GB Lunar Silver,0,1159,18200,17249,19999,29,6.55,256,4500,Oct-20
124,8T 8/128GB Aquamarine Green,0,1157,16845,16299,18000,35,6.55,128,4500,Oct-20
125,8x Max 4/64GB Black,0,694,5652,5605,5699,2,7.12,64,5000,Oct-18
126,8x Max 4/64GB Black,0,697,5652,5605,5699,2,7.12,64,5000,Oct-18
127,8x Max 4/64GB Blue,0,303,5844,5605,6199,3,7.12,64,5000,Nov-18
128,9 4/64GB Dual Blue,0,660,4461,3978,5957,5,5.15,64,3200,Sep-17
129,9 Lite 3/32GB Midnight Black,0,142,3491,3444,3574,3,5.65,32,3000,Mar-18
130,9i 3/32GB Black,0,342,3424,3399,3449,2,5.84,32,3000,Jun-20
131,9i 3/32GB Black,0,361,3424,3399,3449,2,5.84,32,3000,Jun-20
132,9i 4/64GB Blue,0,216,4009,,,1,5.84,64,3000,Dec-18
133,9i 4/64GB Blue,0,180,4009,,,1,5.84,64,3000,Dec-18
134,9x 4/128GB Black,0,1048,5599,4999,5999,3,6.59,128,4000,Nov-19
135,A1 Dual Black,7,83,817,755,845,4,2.4,0.032,2000,Feb-19
136,A1 Dual Gold,7,384,834,719,1009,26,2.4,0.032,2000,Feb-19
137,A1 Silver,7,440,805,691,1009,32,2.4,0,2000,Dec-19
138,A10 6/128GB Black,0,2,5628,5297,6584,11,5.7,128,4400,Oct-20
139,A12 3/32GB Black,0,1024,3520,3375,3949,15,6.22,32,4230,Jun-20
140,A12 4/64GB Blue,0,705,3949,3799,3999,4,6.22,64,4230,Aug-20
141,A144 Black/Red,7,519,214,199,229,2,1.77,0.032,600,Sep-19
142,A167 Black/Red,7,172,599,,,3,3.2,0,1000,Oct-20
143,A167 Black/Red,7,208,599,,,3,3.2,0,1000,Oct-20
144,A167 Black/Red,7,221,599,,,3,3.2,0,1000,Oct-20
145,A169 Black Gray,7,11,399,,,2,1.77,0,1000,Apr-20
146,A170 Point Black,7,411,252,220,333,20,1.77,0,600,Apr-19
147,A170 Point Black,7,401,252,220,333,20,1.77,0,600,Apr-19
148,A170 Point Dark Blue,7,106,252,220,333,20,1.77,0,600,Apr-19
149,A170 Point Dark Blue,7,131,252,220,333,20,1.77,0,600,Apr-19
150,A170 Point Dark Blue,7,156,252,220,333,20,1.77,0,600,Apr-19
151,A173 Black/Orange,7,204,279,,,1,1.77,0.032,800,Jun-18
152,A225 Black,7,295,359,,,1,2.4,0.032,1000,Jun-18
153,A225 Black,7,334,359,,,1,2.4,0.032,1000,Jun-18
154,A240 Experience Red,7,63,308,289,364,19,2.4,0,800,Apr-19
155,A281 Force Black,7,947,632,532,1143,23,2.8,0,6000,Apr-19
156,A30 2/16GB Black,0,240,1852,1795,1910,2,5.5,16,2500,Sep-18
157,A30 2/16GB Black,0,243,1852,1795,1910,2,5.5,16,2500,Sep-18
158,A31 4/64GB Mystery Black,0,897,4471,3999,4499,18,6.5,64,4230,Mar-20
159,A5 2020 3/64GB Black,0,833,4773,4499,4999,4,6.5,64,5000,Nov-19
160,A50 GRANITE 2/16GB Black,0,617,1599,,,1,5,16,2700,Nov-18
161,A512 Harmony Pro DS Black,0,302,2199,,,1,5,16,3200,Jan-19
162,A52 4/64GB Twilight Black,0,1094,5448,4857,6031,65,6.5,64,5000,May-20
163,A53 4/128GB Electric Black,0,985,5683,4998,5999,19,6.5,128,5000,Nov-20
164,A53 4/64GB Black,0,1145,5257,4407,6658,66,6.5,64,5000,Oct-20
165,A5L+ 2/16GB Grey,0,650,1599,,,4,5.5,16,2650,Jan-20
166,A5s 3/32Gb Blue,0,478,3266,3199,3333,2,6.2,32,4230,Aug-19
167,A60 1/16GB Black,0,857,1910,1735,2052,42,6.1,16,4080,May-19
168,A60 Plus 4/64GB Black,0,1027,2831,2695,3189,8,6.08,64,4080,Dec-20
169,A60 Pro 3/16GB Black,0,904,2465,2299,2599,15,6.08,16,4080,Jul-19
170,A7 2/32GB L19111 Blue,0,82,3391,3119,3746,5,6.09,32,4000,Jul-20
171,A7 Pro 4/128GB Black,0,29,3868,3499,4104,4,6.3,128,4150,Aug-20
172,A7 Pro 4/128GB Black,0,23,3868,3499,4104,4,6.3,128,4150,Aug-20
173,A7 Pro 4/64GB Black,0,419,3327,3149,3506,2,6.3,64,4150,Jun-20
174,A72 4/128GB Aurora Purple,0,948,6867,6000,6999,11,6.5,128,5000,May-20
175,A73 4/128GB Navy Blue,0,1097,6615,5949,6999,55,6.44,128,4015,Dec-20
176,A7S 2/32GB Black,0,622,2479,,,1,6.53,32,4150,Nov-20
178,A80 2/16GB Red,0,578,2232,2090,2471,10,6.21,16,4200,Jun-20
179,A80 Pro 4/64GB Black,0,1018,3250,3134,3692,26,6.49,64,4680,Jan-20
180,A9 2020 4/128GB Marine Green,0,73,6039,,,1,6.5,128,5000,Nov-19
181,A9 2020 4/128GB Space Purple,0,814,5699,,,1,6.5,128,5000,Nov-19
182,A9 4/32GB Black,0,797,5851,5699,6184,10,5.99,32,5400,May-19
183,A9 4/64GB Black,0,704,6900,6628,7299,14,5.99,64,5400,Feb-19
184,A91 8/128GB Black,0,1124,8141,7298,8499,21,6.4,128,4025,Apr-20
185,AS-201 Dual Sim Blue,7,316,294,263,330,11,2.4,0.064,1500,Dec-18
186,AS-203 Dual Sim Black,7,377,398,345,659,20,2.2,0.032,1000,Oct-19
187,Action-X3 3/32GB Black,0,155,3460,,,1,5,32,3500,Aug-20
188,Aquos D10 4/64GB Black,0,632,7827,6199,9999,7,5.99,64,2900,Jun-19
189,Armor 10 5G 8/128GB Black,0,146,12913,12072,13499,5,6.67,128,5800,Jan-21
191,Armor 3WT 6/64GB Black,0,148,7498,7349,7699,3,5.7,64,10300,Nov-19
192,Armor 7E 4/128GB Black,0,671,7958,6787,8999,10,6.3,128,5500,Jul-20
193,Armor 7E 4/128GB Black,0,673,7958,6787,8999,10,6.3,128,5500,Jul-20
194,Armor 8 4/64GB Black (6937748733744),0,865,5943,4398,6799,29,6.1,64,5500,Oct-20
195,Armor 9 8/128GB Black (6937748733515),0,1009,15611,13799,16120,20,6.3,128,6600,Aug-20
196,Armor 9E 8/128GB Black (6937748733805),0,816,11062,9610,13092,17,6.3,128,6600,Sep-20
197,Armor 9E 8/128GB Black (6937748733805),0,818,11062,9610,13092,17,6.3,128,6600,Sep-20
198,Armor Mini Black,7,318,1274,1149,1511,57,2.4,0.032,2500,Jun-18
199,Armor Mini Red,7,52,1299,1199,1479,7,2.4,0.032,2500,Jun-18
200,Armor X3 2/32GB Black,0,395,3155,2493,3699,29,5.5,32,5000,Sep-20
201,Armor X5 3/32GB Red (6937748733256),0,788,3768,2909,4399,38,5.5,32,5000,May-20
202,Armor X5 Pro 4/64GB Black (6937748733829),0,1010,4251,3395,5200,28,5.5,64,5000,Sep-20
203,Armor X6 2/16GB Orange,0,662,2786,2175,3199,38,5,16,4000,Apr-20
205,Armor X7 Pro 4/32GB Black,0,998,3550,2770,3999,35,5,32,4000,Sep-20
206,Armor X8 4/64GB Black,0,1035,4424,3470,5322,33,5.7,64,5080,Dec-20
207,B181 DUAL SIM BLACK,7,621,275,265,299,19,1.8,0.032,800,Dec-20
208,B1P DS Champagne Gold,0,110,1699,,,1,5.45,8,4000,Jan-19
209,B1P DS Champagne Gold,0,160,1699,,,1,5.45,8,4000,Jan-19
210,B200RX (White),7,390,646,552,799,30,2,0.064,1300,May-16
211,B200RX (Yellow),7,599,655,532,799,28,2,0.064,1300,May-16
212,B241 Black,7,448,400,375,433,19,2.4,0.032,1200,Dec-20
213,B26 Black,7,1084,1488,1330,1819,52,2.4,0,1500,Dec-19
214,B505 Unit 4G Dual Sim Black,0,49,1715,,,1,5,8,2500,Dec-18
215,BL5000 Black (6924351609900),0,25,3107,,,1,5.5,64,5050,Aug-17
216,BL5000 Black (6924351609900),0,94,3107,,,1,5.5,64,5050,Aug-17
217,BL5500 Lite 2/16GB Dual Sim Gold,0,540,2323,2099,2548,2,6.19,16,5500,Jan-19
218,BV1000 Black,7,688,992,900,1186,22,2.4,0.032,3000,Jan-19
219,BV4900 3/32GB Black,0,877,2974,2819,3199,23,5.7,32,5580,Nov-20
220,BV4900 Pro 4/64GB Orange,0,869,3474,3333,3719,13,5.7,64,5580,Jan-21
221,BV5100 4/128GB Green,0,515,4727,4610,5099,13,5.7,128,5580,Dec-20
222,BV5100 Pro 4/128GB Black,0,138,6789,5999,7838,22,5.7,128,5580,Jan-21
223,BV5500 2/16GB Black,0,772,2596,2149,3099,54,5.5,16,4400,Feb-19
224,BV5500 Plus 3/32GB Black,0,1023,2720,2560,3040,25,5.5,32,4400,Jun-20
225,BV5500 Pro 3/16GB Black,0,553,3566,2629,3800,47,5.5,16,4400,Jun-19
226,BV5500 Pro 3/16GB Black,0,548,3566,2629,3800,47,5.5,16,4400,Jun-19
227,BV5800 Pro 2/16GB Black,0,425,2394,,,1,5.5,16,5580,Sep-18
228,BV5900 3/32GB Black,0,659,3668,3447,4389,26,5.7,32,5580,Dec-19
229,BV6100 3/16GB Black,0,806,3386,3190,3895,23,6.88,16,5580,Sep-19
230,BV6300 3/32GB Black,0,849,3762,3590,4674,29,5.7,32,4380,Nov-20
231,BV6300 Pro 6/128GB Black,0,882,5418,5199,5873,28,5.7,128,4380,Aug-20
232,BV6800 Pro 4/64GB Black,0,821,6801,4640,7399,55,5.7,64,6580,Nov-18
233,BV6900 4/64GB Black,0,764,4793,4670,5472,10,5.84,64,5580,Jul-20
234,BV8000 Pro Lion Gold,0,536,4584,4440,5130,19,5,64,4180,Jul-17
235,BV8000 Pro Lion Gold,0,525,4584,4440,5130,19,5,64,4180,Jul-17
236,BV9100 4/64GB Black,0,954,5355,5150,5850,13,6.3,64,13000,Oct-19
237,BV9500 Black,0,562,6356,5780,6929,5,5.7,64,10000,Sep-18
238,BV9500 Plus 4/64GB Black,0,792,5851,5649,6119,17,5.7,64,10000,Oct-19
239,BV9500 Pro 6/128GB Black,0,612,8087,7398,11924,7,5.7,128,10000,Oct-18
240,BV9600 4/64GB Silver,0,104,6072,5910,6349,20,6.21,64,5580,Aug-19
241,BV9600 4/64GB Silver,0,129,6072,5910,6349,20,6.21,64,5580,Aug-19
242,BV9600 Pro 6/128GB Black,0,373,6898,6730,7165,10,6.21,128,5580,Feb-19
243,BV9600 Pro 6/128GB Black,0,355,6898,6730,7165,10,6.21,128,5580,Feb-19
244,BV9600E 4/128GB Grey,0,533,6126,5899,7011,18,6.21,128,5580,Jun-20
245,BV9700 Pro 6/128GB Black,0,898,6967,6790,7289,20,5.84,128,4380,Aug-19
246,BV9700 Pro 6/128GB Black + Night Vision Camera,0,77,7686,7599,7860,3,5.84,128,4380,Aug-19
247,BV9800 6/128Gb Black,0,293,10064,9760,10499,14,6.3,128,6580,Feb-20
248,BV9800 6/128Gb Black,0,332,10064,9760,10499,14,6.3,128,6580,Feb-20
249,BV9800 Pro 6/128GB Orange,0,879,10436,9949,11258,30,6.3,128,6580,May-20
250,BV9900 8/256GB Black,0,732,9916,9536,10611,14,5.84,256,4380,May-20
251,BV9900 Pro 8/128GB Gray,0,802,12667,12077,14279,6,5.84,128,4380,Jun-20
252,BV9900E 6/128GB Black,0,918,7608,7380,7999,21,5.84,128,4380,Nov-20
253,Bison 6/128GB Red,0,884,4994,4940,5049,4,6.3,128,5000,Dec-20
254,Black Shark 2 Pro 8/128GB Black,0,150,15149,14999,15299,2,6.39,128,4000,Nov-19
255,Black Shark 2 Pro 8/128GB Iceberg Grey,0,43,15399,14910,15999,11,6.39,128,4000,Nov-19
256,Black Shark 3 12/256GB Black,0,726,18319,17400,18999,4,6.67,256,4720,Jul-20
257,Black Shark 3 8/128GB Black,0,1098,13846,13151,14999,31,6.67,128,4720,Jun-20
258,Black Shark 8/128GB Black,0,53,13146,,,1,5.99,128,4000,May-18
259,Blade 20 Smart 4/128GB Gradient Green,0,1083,4152,3745,4417,48,6.49,128,5000,Dec-19
260,Blade A3 2020 1/32GB Blue,0,700,2016,1839,2229,56,5.45,32,2600,Mar-20
261,Blade A3 2020 1/32GB Grey,0,619,2014,1839,2099,43,5.45,32,2600,Mar-20
262,Blade A3 2020 1/32GB Red,0,446,2021,1839,2332,47,5.45,32,2600,Aug-20
263,Blade A5 2/16GB Black,0,782,1999,,,1,5.45,16,2600,May-19
264,Blade A5 2/16GB Blue,0,601,1999,,,1,5.45,16,2600,Jun-19
265,Blade A5 2/16GB Blue,0,594,1999,,,1,5.45,16,2600,Jun-19
266,Blade A5 2/32GB Black,0,706,2257,2199,2315,4,5.45,32,2600,Jul-20
267,Blade A5 2/32GB Blue,0,529,2435,2199,2599,8,5.45,32,2600,Jun-19
268,Blade A5 2020 2/32GB Black,0,942,2517,2299,2881,44,6.08,32,3200,Dec-19
269,Blade A7 2019 2/32GB Black,0,978,2590,2399,2799,34,6.1,32,3200,May-19
270,Blade A7 2020 2/32GB Gradient,0,1016,2783,2599,2999,56,6.08,32,4000,Dec-19
271,Blade A7 2020 3/64GB Gradient,0,1071,3154,3069,3499,53,6.08,64,4000,Dec-19
272,Blade A7S 2/64GB Blue,0,775,3052,2695,3549,38,6.5,64,4000,Sep-20
273,Blade L210 1/32GB Black,0,642,1801,1678,2009,39,6,32,2600,Sep-20
274,Blade L210 1/32GB Blue,0,399,1789,1678,1979,42,6,32,2600,Sep-20
275,Blade L210 1/32GB Blue,0,418,1789,1678,1979,42,6,32,2600,Sep-20
276,Blade L8 1/16GB Black,0,750,1552,1368,1646,44,5,16,2000,May-19
277,Blade L8 1/16GB Blue,0,691,1529,1368,1917,45,5,16,2000,Jun-19
278,Blade V2020 Smart 4/128GB Grey,0,951,4041,3755,4435,45,6.82,128,5000,Nov-20
279,Blade V2020 Smart 4/64GB Grey,0,941,3821,3577,4171,43,6.82,64,5000,Nov-20
280,C11 2/32GB Green,0,753,3055,2999,3179,5,6.5,32,5000,Jul-20
281,C11 2/32GB Grey,0,930,3015,2940,3179,9,6.5,32,5000,Jul-20
282,C18 Pro 4/64GB Purple,0,386,3409,3149,3791,10,6.55,64,4000,Dec-20
283,C19 2/16GB Black,0,610,2132,2049,2299,3,6.49,16,4000,Aug-20
284,C19 2/16GB Gradient Blue,0,497,2104,2030,2299,4,6.49,16,4000,Oct-20
285,C2 2/32GB Diamond Black,0,634,2899,,,1,6.1,32,4000,Feb-20
286,C21 4/64GB Black,0,1044,3276,3149,3589,11,6.4,64,4000,Oct-20
287,C3 2/32GB Blue,0,936,3296,3174,3399,10,6.5,32,5000,Apr-20
288,C3 2/32GB Red,0,738,3361,3174,3399,11,6.5,32,5000,Apr-20
289,C3 3/32GB Red,0,665,3399,,,1,6.5,32,5000,Oct-20
290,C3 3/64GB Blue,0,1153,3812,3547,4049,17,6.5,64,5000,Apr-20
291,C30 8/128GB Black,0,625,5671,5290,5871,4,6.4,128,4200,Dec-20
292,C552 Black,0,307,1150,,,1,5,4,2000,Mar-18
293,C552 Red,0,319,1150,,,1,5,4,2000,Mar-18
294,C9 2/16GB Black,0,907,1899,,,1,5.45,16,3000,Nov-18
295,C9 Pro 3/32GB Black,0,161,2618,,,1,5.45,32,3000,Dec-18
296,C9 Pro 3/32GB Black,0,111,2618,,,1,5.45,32,3000,Dec-18
297,CORE-X3 2/16GB Dark Blue,0,62,2950,,,1,5,16,3500,Aug-20
298,Camon 12 Air CC6 Alpenglow Gold,0,449,2999,,,2,6.55,32,4000,Nov-19
299,Camon 12 CC7 Dark Jade,0,522,3440,3149,3799,12,6.52,64,4000,Nov-19
300,Camon 15 4/64GB Dark Jade (4895180755057),0,876,4057,3949,4499,6,6.6,64,5000,Aug-20
301,Camon 15 CD7 4/128GB Fascinating Purple (4895180759550),0,252,4299,,,3,6.6,128,5000,Oct-20
302,Comfort 50 Elegance3 SIMO ASSISTANT Red,7,583,810,699,830,31,2.8,0,1600,Jul-18
303,Comfort 50 Grand Black,7,200,641,588,699,39,2.3,0,1000,Feb-19
304,Comfort 50 HIT 2020 Black,7,990,444,399,459,24,1.77,0,1450,Dec-19
305,Comfort 50 SOLO Black,7,253,777,690,853,38,2.2,0,1650,Aug-19
306,Comfort 50 SOLO Black,7,265,777,690,853,38,2.2,0,1650,Aug-19
307,Comfort 50 Shell Duo Red (4827798212325),7,1021,988,911,1049,22,2.4,0,800,Oct-16
308,Cool Play 6 6/64GB Black,0,271,3968,3947,3990,2,5.5,64,4060,Nov-18
309,Cool Play 6 6/64GB Black,0,259,3968,3947,3990,2,5.5,64,4060,Nov-18
310,Core 50 16GB Red,0,245,2059,1899,2099,5,5,16,2000,Aug-18
311,D6 Pro 2/16GB Black,0,159,1979,,,1,5.5,16,2700,Feb-19
312,D6 Pro 2/16GB Black,0,109,1979,,,1,5.5,16,2700,Feb-19
313,D855 G3 32GB (Silk White),0,494,2884,,,1,5.5,32,3000,May-14
314,D858 G3 Dual (Metallic Black),0,488,2969,,,1,5.5,32,3000,Oct-15
315,Droid Turbo 2 32GB (Ballistic Nylon Black),0,269,5590,,,1,5.4,32,3760,Dec-15
316,Droid Turbo 2 32GB (Ballistic Nylon Black),0,257,5590,,,1,5.4,32,3760,Dec-15
317,E169 Gray,7,746,807,749,1049,22,2.4,0,1600,Aug-19
318,E169 Red,7,397,806,749,1049,30,2.4,0,1600,Aug-19
319,E180 2019 Red (680576170057),7,56,301,289,346,33,1.77,0.032,800,Dec-19
320,E240 Black,7,389,413,359,549,36,2.4,0.032,1800,Feb-18
321,E240 Power DualSim Black (680576170088),7,335,546,507,581,24,2.4,0.032,3000,Dec-20
322,E240 Power DualSim Black (680576170088),7,296,546,507,581,24,2.4,0.032,3000,Dec-20
323,E280 Dual Sim Black,7,251,499,,,2,2.8,0.032,1450,Nov-17
324,E450A 2018 DualSim Black,0,563,1250,1215,1338,18,4.5,8,1500,Aug-18
325,E450R DualSim Gray,0,571,1850,1499,2499,5,4.5,8,2600,Dec-17
326,E500A 2019 DualSim Black,0,670,1362,1319,1499,6,5,8,2500,May-19
327,E6 Plus 4/64GB Polish Grey,0,79,3490,,,1,6.1,64,3000,Jul-20
328,E6 Plus XT2025-2 4/64GB Blue,0,762,3444,3399,3490,2,6.1,64,3000,Jan-20
329,E6S 4/64 GB Meteor Grey (PAJE0031RS),0,1178,2992,2888,3205,30,6.1,64,3000,Sep-20
330,E7 Plus 4/64GB Misty Blue (PAKX0008RS),0,929,4217,4199,4290,5,6.5,64,5000,Sep-20
331,Edge 5G 6/128GB Dual Black (XT2063-3),0,1131,15017,14299,16872,20,6.7,128,4500,Jul-20
332,F186 Solace DS Black,7,901,391,345,476,19,1.77,0.032,1000,Jul-19
333,F186 Solace DS Silver,7,523,373,345,399,6,1.77,0.032,1000,Jul-19
334,F188 Play DS Black,7,333,272,227,289,10,1.77,0,1000,Feb-20
335,F188 Play DS Black,7,294,272,227,289,10,1.77,0,1000,Feb-20
336,F243 Swift Dual Sim Black,7,151,374,369,379,2,2.4,0.032,1800,Oct-17
337,F243 Swift Dual Sim Blue,7,122,379,,,1,2.4,0.032,1800,Dec-18
338,F243 Swift Dual Sim Blue,7,163,379,,,1,2.4,0.032,1800,Dec-18
339,F243 Swift Dual Sim Blue,7,113,379,,,1,2.4,0.032,1800,Dec-18
340,F245 Strength Dual Sim Yellow/Black,7,12,699,,,1,2.4,0.032,1400,Mar-20
341,F248 Defender Dual SIM Black,7,45,649,,,1,2.4,0,2000,Oct-19
342,F282 Travel Dual Sim Black,7,556,583,565,599,4,2.8,0.032,3100,Apr-18
343,F282 Travel Dual Sim Black,7,551,583,565,599,4,2.8,0.032,3100,Apr-18
344,F284 Balance Dual Sim Black,7,227,477,430,499,13,2.8,0,800,Feb-20
345,F285 Wide DS Black,7,186,523,447,549,8,2,0,1800,Nov-19
346,F285 Wide DS Black,7,219,523,447,549,8,2,0,1800,Nov-19
347,F534L 2018 DualSim Black,0,600,1610,1495,1701,8,5.3,16,3020,Nov-18
348,F534L 2018 DualSim Gold,0,473,1599,,,3,5.3,16,3020,Nov-18
349,F572L 2018 DualSim Red,0,181,2167,1999,2336,2,5.7,16,3020,Oct-18
350,F572L 2018 DualSim Silver,0,567,1939,1759,1999,4,5.7,16,3020,Oct-18
351,FF243 (Black),7,442,474,418,655,32,2.4,0.032,1700,Aug-16
352,FF249 Dual Sim Black,7,905,557,497,719,55,2.4,0.032,4000,Dec-18
353,FF250 Black,7,773,314,239,379,25,2.4,0,800,Jan-20
354,FF281 Dual Sim (Black),7,653,547,499,719,28,2.8,0.032,1400,Jul-16
355,FF281 Silver,7,502,545,497,679,19,2.8,0.032,1400,Nov-20
356,Find X2 12/256GB Ocean Black,0,590,29999,,,2,6.7,256,4200,Apr-20
357,Find X2 Pro 12/512GB Orange,0,474,32530,31720,33999,4,6.7,512,4260,Jan-21
358,G6 32GB Black (H870S.ACISBK),0,710,3742,,,1,5.7,32,3300,Mar-17
359,G6 64GB Black (LGH870DS.ACISBK),0,637,3850,,,1,5.7,64,3300,Mar-17
360,G6 64GB Platinum (LGH870DS.ACISPL),0,745,3799,,,1,5.7,64,3300,Mar-17
361,G6 G600L 4/64GB Black,0,603,4099,,,1,5.7,64,3300,Mar-19
362,G6 G600L 4/64GB Black,0,596,4099,,,1,5.7,64,3300,Mar-19
363,G6 G600L 4/64GB Platinum,0,674,4099,,,1,5.7,64,3300,Mar-19
364,G6 Plus 128GB Gold,0,96,8009,,,1,5.7,128,3300,Aug-17
365,G6 Plus 128GB Gold,0,27,8009,,,1,5.7,128,3300,Aug-17
366,G7 4/64GB Ceramic Black (XT1962-6),0,686,4849,4499,5199,2,6.2,64,3000,Jul-20
367,G7 ThinQ 4/64GB Aurora Black (LMG710EMW.ACISBK),0,1030,5571,5566,5576,2,6.1,64,3000,May-18
368,G7 ThinQ 4/64GB Moroccan Blue (LMG710EMW.ACISBL),0,923,5421,5266,5576,2,6.1,64,3000,May-18
369,G7 ThinQ 4/64GB Platinum Gray,0,851,5713,5566,5998,3,6.1,64,3000,May-18
370,G7 ThinQ 4/64GB Raspberry Rose,0,427,5798,5599,5998,2,6.1,64,3000,May-18
371,G8 Power 4/64GB Dual Sim Black (PAHF0007RS),0,925,5464,4999,6031,27,6.4,64,5000,Jul-20
372,G8 Power Lite 4/64GB Royal Blue (PAJC0017RS),0,840,4772,4399,5342,12,6.5,64,5000,Jul-20
373,G8 ThinQ 6/128GB Black,0,906,8299,,,1,6.1,128,3500,Nov-19
374,G8X ThinQ 6/128GB Aurora Black,0,931,17790,9888,20590,21,6.4,128,4000,Mar-20
375,G8s ThinQ 6/128GB White,0,988,14427,13749,15264,21,6.21,128,3550,Sep-20
376,G9 Play 4/64GB Sapphire Blue (PAKK0016RS),0,1062,4812,4434,5877,17,6.5,64,5000,Sep-20
377,G9 Plus 4/128GB Navy Blue (PAKM0019RS),0,1160,6697,6375,6999,46,6.81,128,5000,Sep-20
378,G920F Galaxy S6 32GB (White Pearl),0,845,3529,3100,3959,2,5.1,32,2550,Mar-15
379,G925F Galaxy S6 Edge 32GB (White Pearl),0,325,4511,,,1,5.1,32,2600,Mar-15
380,G935FD Galaxy S7 Edge 32GB Gold (SM-G935FZDU),0,605,5930,,,1,5.5,32,3600,Feb-16
381,Galaxy A01 2/16GB Black (SM-A015FZKD),0,1163,2940,2673,3158,33,5.7,16,3000,Jan-20
382,Galaxy A01 Core 1/16GB Black (SM-A013FZKD),0,1073,2344,2098,2553,50,5.3,16,3000,Aug-20
383,Galaxy A02s 3/32GB Blue (SM-A025FZBE),0,1078,3776,3599,3799,25,6.5,32,5000,Jan-21
384,Galaxy A10s 2019 SM-A107F 2/32GB Black (SM-A107FZKD),0,1129,3348,3170,3999,24,6.2,32,4000,Aug-19
385,Galaxy A11 2/32GB Black (SM-A115FZKN),0,1036,4101,3536,4396,40,6.4,32,4000,Jun-20
386,Galaxy A12 SM-A125F 3/32GB Black (SM-A125FZKUSEK),0,1008,4473,4186,4999,63,6.5,32,5000,Jan-21
387,Galaxy A12 SM-A125F 4/64GB Black (SM-A125FZKVSEK),0,1092,4977,4598,5499,57,6.5,64,5000,Jan-21
388,Galaxy A2 Core 2019 SM-A260 1/16GB Blue,0,100,3222,3029,3515,8,5,16,2600,Nov-19
389,Galaxy A2 Core 2019 SM-A260 1/16GB Blue,0,91,3222,3029,3515,8,5,16,2600,Nov-19
390,Galaxy A20e SM-A202F 3/32GB Black SM-A202FZKD,0,1040,4595,4309,5095,9,5.8,32,3000,Jul-19
391,Galaxy A20e SM-A202F 3/32GB White (SM-A202FZWD),0,54,4300,4100,4500,2,5.8,32,3000,Dec-19
392,Galaxy A20s 2019 A207F 3/32GB Black (SM-A207FZKD),0,1017,4126,3599,4399,13,6.5,32,4000,Oct-19
393,Galaxy A21s 3/32GB Black (SM-A217FZKN),0,1059,5174,4598,6470,46,6.5,32,5000,Jun-20
394,Galaxy A30s 3/32GB Black (SM-A307FZKU),0,1072,4524,3999,4789,4,6.4,32,4000,Sep-19
395,Galaxy A30s 4/128GB White,0,261,6340,,,1,6.4,64,4000,Nov-19
396,Galaxy A30s 4/128GB White,0,273,6340,,,1,6.4,64,4000,Nov-19
397,Galaxy A30s 4/64GB Green (SM-A307FZGV),0,778,6098,5799,6399,8,6.4,64,4000,Sep-19
398,Galaxy A31 4/128GB Black (SM-A315FZKV),0,1115,6510,5894,7499,74,6.4,128,5000,Apr-20
399,Galaxy A31 4/64GB Black (SM-A315FZKU),0,1185,5997,5368,6999,92,6.4,64,5000,Apr-20
400,Galaxy A41 4/64GB Black (SM-A415FZKD),0,1173,6693,5699,9547,19,6.1,64,3500,May-20
401,Galaxy A50 2019 SM-A505F 4/128GB Black,0,736,6687,6299,7154,16,6.4,128,4000,Apr-19
402,Galaxy A50 2019 SM-A505F 4/64GB Blue (SM-A505FZBU),0,874,5527,5499,5555,2,6.4,64,4000,Mar-19
403,Galaxy A50 2019 SM-A505F 6/128GB Blue (SM-A505FZBQ),0,712,6933,5999,7868,2,6.4,128,4000,Mar-19
404,Galaxy A50s 2019 SM-A507FD 6/128GB Black,0,168,8243,8107,8518,8,6.4,128,4000,Nov-19
405,Galaxy A50s 2019 SM-A507FD 6/128GB Black,0,118,8243,8107,8518,8,6.4,128,4000,Nov-19
406,Galaxy A50s 2019 SM-A507FD 6/128GB Black,0,127,8243,8107,8518,8,6.4,128,4000,Nov-19
407,Galaxy A50s SM-A5070 6/128GB Prism Crush Green,0,70,7159,6930,7979,5,6.4,128,4000,Mar-20
408,Galaxy A51 2020 4/64GB Black (SM-A515FZKU),0,1192,7139,6497,7999,83,6.5,64,4000,Jan-20
409,Galaxy A51 2020 6/128GB Blue (SM-A515FZBW),0,1177,8076,7436,8999,77,6.5,128,4000,Jan-20
410,Galaxy A51 SM-A515F 2020 8/128GB Blue,0,783,8538,8230,9067,20,6.5,128,4000,Jul-20
411,Galaxy A51 SM-A515F 4/128GB Black,0,970,7135,6870,7600,9,6.5,128,4000,Mar-20
412,Galaxy A51 SM-A515F 6/128GB Metallic Silver (SM-A515FMSW),0,1039,8152,7436,8999,66,6.5,128,4000,Jul-20
413,Galaxy A6+ 3/32GB Gold (SM-A605FZDN),0,205,7064,7032,7129,3,6,32,3500,May-18
414,Galaxy A6+ 3/32GB Lavender,0,484,5292,5255,5330,2,6,32,3500,May-18
415,Galaxy A6+ 4/32GB Gold,0,346,7071,7032,7129,4,6,32,3500,Jun-18
416,Galaxy A7 2018 4/64GB Black (SM-A750FZKU),0,279,5699,,,1,6,64,3300,Oct-18
417,Galaxy A7 2018 4/64GB Blue (SM-A750FZBU),0,689,5893,5570,6283,6,6,64,3300,Oct-18
418,Galaxy A70 2019 SM-A7050 6/128GB Black,0,339,8816,8299,10175,14,6.7,128,4500,May-19
419,Galaxy A70 2019 SM-A7050 6/128GB Blue,0,173,8965,8230,9499,11,6.7,128,4500,Aug-19
420,Galaxy A70 2019 SM-A7050 6/128GB Blue,0,209,8965,8230,9499,11,6.7,128,4500,Aug-19
421,Galaxy A70 2019 SM-A7050 6/128GB Blue,0,222,8965,8230,9499,11,6.7,128,4500,Aug-19
422,Galaxy A70 2019 SM-A705F 6/128GB Black (SM-A705FZKU),0,611,8986,8449,9399,9,6.7,128,4500,Apr-19
423,Galaxy A71 2020 6/128GB Black (SM-A715FZKU),0,1209,10403,9396,14538,79,6.7,128,4500,Jan-20
424,Galaxy A71 2020 SM-A715F 8/128GB Blue,0,957,10848,10340,11999,20,6.7,128,4500,May-20
425,Galaxy A8+ 2018 32GB Gold (SM-A730FZDD),0,44,7309,6780,8928,5,6,32,3500,Jan-18
426,Galaxy A8+ 2018 32GB Orchid Gray (SM-A730FZVD),0,93,7253,6799,8499,5,6,32,3500,Jan-18
427,Galaxy A8+ 2018 32GB Orchid Gray (SM-A730FZVD),0,102,7253,6799,8499,5,6,32,3500,Jan-18
428,Galaxy A8+ 2018 4/64GB Orchid Gray,0,143,6542,,,1,6,64,3500,Feb-18
429,Galaxy A80 2019 8/128GB Black (SM-A805FZKD),0,423,13131,,,1,6.7,128,3700,Apr-19
430,Galaxy A80 2019 A8050 8/128GB Black,0,310,13296,13031,13709,6,6.7,128,3700,Aug-19
431,Galaxy A9 2018 6/128Gb Blue (SM-A920FZBD),0,472,8610,7099,9199,4,6.3,128,3800,Nov-18
432,Galaxy Fold 12/256GB Black,0,298,55338,45799,59999,4,7.3,256,4380,Nov-19
433,Galaxy Fold 12/512GB Black (SM-F900FZKD),0,819,41310,34100,56999,31,7.3,512,4380,Mar-19
434,Galaxy Fold 5G SM-F907B 12/512GB Black,0,304,37640,35400,49593,10,7.3,512,4235,Mar-20
435,Galaxy Fold 5G SM-F907B 12/512GB Silver,0,330,37173,35400,49737,10,7.3,512,4235,Mar-20
436,Galaxy J6 2018 2/32GB Gold (SM-J600FZDD),0,761,3498,,,1,5.6,32,3000,Jun-18
437,Galaxy M10 SM-M105F 2/16GB Black (SM-M105GDAG),0,132,4268,4116,4516,6,6.22,16,3400,Mar-19
438,Galaxy M10 SM-M105F 2/16GB Black (SM-M105GDAG),0,157,4268,4116,4516,6,6.22,16,3400,Mar-19
439,Galaxy M10 SM-M105F 2/16GB Black (SM-M105GDAG),0,107,4268,4116,4516,6,6.22,16,3400,Mar-19
440,Galaxy M10 SM-M105F 3/32GB Black,0,270,4100,,,1,6.22,32,3400,Mar-19
441,Galaxy M10 SM-M105F 3/32GB Black,0,258,4100,,,1,6.22,32,3400,Mar-19
442,Galaxy M10 SM-M105F 3/32GB Blue,0,64,4095,4090,4100,2,6.22,32,3400,Mar-19
443,Galaxy M10S M107F 3/32GB Black,0,145,4882,4650,4999,3,6.4,32,4000,Apr-20
444,Galaxy M115 M11 3/32 Black (SM-M115FZKN),0,1049,4171,3799,4677,8,6.4,32,5000,Apr-20
445,Galaxy M21 4/64GB Black (SM-M215FZKU),0,1204,5849,5228,6181,67,6.4,64,6000,Apr-20
446,Galaxy M30 SM-M305F 4/64GB Gradation Blue,0,443,6749,5950,7838,5,6.4,64,5000,May-19
447,Galaxy M31 6/128GB Black (SM-M315FZKU),0,1214,7196,6698,7571,44,6.4,128,6000,Feb-20
448,Galaxy M31s 6/128GB Blue (SM-M317FZBN),0,1184,8359,7429,9199,55,6.5,128,6000,Sep-20
449,Galaxy M51 6/128GB Black (SM-M515FZKD),0,1220,9620,8555,10394,55,6.7,128,7000,Sep-20
450,Galaxy Note 10 SM-N9700 8/256GB Black (SM-N9700ZKD),0,568,21353,20426,23273,5,6.3,256,3500,Aug-19
451,Galaxy Note 10 SM-N9700 8/256GB White,0,658,21852,18449,23719,14,6.3,256,3500,Sep-19
452,Galaxy Note 10 SM-N970F 8/256GB Black (SM-N970FZKD),0,1172,19940,16499,28940,53,6.3,256,3500,Aug-19
453,Galaxy Note 10+ SM-N9750 12/256GB Aura Glow,0,909,25252,22849,26748,16,6.8,256,4300,Aug-19
454,Galaxy Note 10+ SM-N9750 12/512GB Black,0,421,27124,,,1,6.8,512,4300,Sep-19
455,Galaxy Note 10+ SM-N975F 12/256GB Black (SM-N975FZKD),0,1113,23920,20651,31163,49,6.8,256,4300,Aug-19
456,Galaxy Note 10+ SM-N975F 12/512GB Aura Black,0,233,27973,25820,31545,3,6.8,512,4300,Sep-19
457,Galaxy Note 8 64GB Gold,0,744,9923,9250,10598,3,6.3,64,3300,Aug-17
458,Galaxy Note 8 N950F Single sim 128GB Black,0,184,18114,17695,18626,6,6.3,128,3300,Jun-18
459,Galaxy Note 8 N950F Single sim 128GB Black,0,217,18114,17695,18626,6,6.3,128,3300,Jun-18
460,Galaxy Note 9 N960 6/128GB Metallic Copper,0,889,14422,13890,15467,15,6.4,128,4000,Aug-18
461,Galaxy Note 9 N960 8/512GB Lavender Purple,0,164,20948,20469,21871,3,6.4,512,4000,Sep-18
462,Galaxy Note 9 N960 8/512GB Lavender Purple,0,123,20948,20469,21871,3,6.4,512,4000,Sep-18
463,Galaxy Note 9 N960 8/512GB Lavender Purple,0,114,20948,20469,21871,3,6.4,512,4000,Sep-18
464,Galaxy Note 9 N960 8/512GB Metallic Copper,0,813,16076,15090,21366,17,6.4,512,4000,Aug-18
465,Galaxy Note 9 N960 8/512GB Midnight Black,0,992,17585,15840,23770,14,6.4,512,4000,Aug-18
466,Galaxy Note 9 N960 8/512GB Ocean Blue (SM-N960FZBH),0,714,17540,15330,35999,16,6.4,512,4000,Aug-18
467,Galaxy Note10 Lite SM-N770F Dual 6/128GB Black (SM-N770FZKD),0,1182,11405,9756,13999,77,6.7,128,4500,Jan-20
468,Galaxy Note10 Lite SM-N770F Dual 8/128GB Black (SM-N770FZKU),0,915,12169,11699,13098,27,6.7,128,4500,Mar-20
469,Galaxy Note20 5G N9810 8/256GB Mystic Gray,0,956,21175,20290,22949,34,6.7,256,4300,Sep-20
470,Galaxy Note20 5G SM-N981B 8/256GB Mystic Bronze,0,730,21222,20230,28270,27,6.7,256,4300,Aug-20
471,Galaxy Note20 SM-N980F 8/256GB Mystic Green (SM-N980FZGG),0,1080,22670,18920,30778,63,6.7,256,4300,Aug-20
472,Galaxy Note20 Ultra 5G SM-N9860 12/256GB Mystic Black,0,1146,30008,28948,34505,33,6.9,256,4500,Sep-20
473,Galaxy Note20 Ultra 5G SM-N986B 12/256GB Mystic Black,0,1013,28896,27149,34640,36,6.9,256,4500,Aug-20
474,Galaxy Note20 Ultra 5G SM-N986B 12/512GB Mystic Black (SM-N986BZKH),0,800,39524,28381,41999,20,6.9,512,4500,Aug-20
475,Galaxy Note20 Ultra SM-N985F 8/256GB Mystic Bronze (SM-N985FZNG),0,1147,32669,27599,35999,38,6.9,256,4500,Aug-20
476,Galaxy S10 Lite SM-G770 6/128GB Black (SM-G770FZKG),0,1190,14079,12049,15469,4,6.7,128,4500,Jan-20
477,Galaxy S10 Lite SM-G770 8/128GB Black,0,1054,14654,13167,16476,11,6.7,128,4500,Mar-20
478,Galaxy S10 SM-G973 DS 128GB Green (SM-G973FZGD),0,1199,17561,14499,18999,64,6.1,128,3400,Feb-19
479,Galaxy S10 SM-G973 DS 512GB Black,0,198,21229,17900,23261,13,6.1,512,3400,Feb-19
480,Galaxy S10 SM-G9730 DS 128GB Black,0,861,19123,17999,20510,10,6.1,128,3400,Feb-19
481,Galaxy S10+ SM-G975 DS 128GB Black (SM-G975FZKD),0,1180,17860,13888,23218,45,6.4,128,4000,Feb-19
482,Galaxy S10+ SM-G975 DS 1TB Black (SM-G975FCKH),0,847,22932,20995,47292,22,6.4,1000,4000,Feb-19
483,Galaxy S10+ SM-G975 DS 1TB Ceramic White (SM-G975FCWH),0,795,23137,20995,47292,22,6.4,1000,4000,Feb-19
484,Galaxy S10+ SM-G975 DS 512GB Black (SM-G975FCKG),0,910,21304,18619,39999,26,6.4,512,4000,Feb-19
485,Galaxy S10+ SM-G975 DS 512GB White (SM-G975FCWG),0,828,19878,17970,33999,28,6.4,512,4000,Feb-19
486,Galaxy S10+ SM-G975 SS 512GB White,0,413,18739,,,1,6.4,512,4000,Feb-19
487,Galaxy S10+ SM-G975 SS 512GB White,0,403,18739,,,1,6.4,512,4000,Feb-19
488,Galaxy S10+ SM-G9750 DS 128GB Black,0,817,20044,19529,20999,9,6.4,128,4000,Feb-19
489,Galaxy S10+ SM-G9750 DS 128GB Black,0,815,20044,19529,20999,9,6.4,128,4000,Feb-19
490,Galaxy S10+ SM-G9750 DS 1TB Black,0,66,21454,20954,21954,3,6.4,1000,4000,Feb-19
491,Galaxy S10e SM-G970 DS 128GB Black (SM-G970FZKD),0,1122,16313,15483,17499,23,5.8,128,3100,Feb-19
492,Galaxy S10e SM-G9700 DS 128GB Black,0,499,12499,,,1,5.8,128,3100,Mar-19
493,Galaxy S20 5G SM-G981 12/128GB Cosmic Gray,0,1003,20699,,,1,6.2,128,4000,Jul-20
494,Galaxy S20 5G SM-G9810 12/128GB Cloud Pink,0,1034,22846,22130,24453,22,6.2,128,4000,May-20
495,Galaxy S20 FE 5G SM-G7810 8/128GB Cloud Navy,0,1181,17390,16810,18499,20,6.5,128,4500,Oct-20
496,Galaxy S20 FE 5G SM-G7810 Dual 8/256GB Cloud Navy,0,913,21157,20510,22116,14,6.5,256,4500,Jan-21
497,Galaxy S20 FE 5G SM-G781B 6/128GB Cloud Red,0,964,17332,16690,18017,10,6.5,128,4500,Dec-20
498,Galaxy S20 FE 5G SM-G781B 8/128GB Cloud Red,0,396,16980,,,1,6.5,128,4500,Jan-21
499,Galaxy S20 FE SM-G780F 6/128GB Blue (SM-G780FZBD),0,1197,17631,15280,21724,79,6.5,128,4500,Sep-20
500,Galaxy S20 FE SM-G780F 6/256GB Cloud Navy,0,439,20513,18999,22449,8,6.5,256,4500,Dec-20
501,Galaxy S20 FE SM-G780F 8/128GB Cloud Navy,0,899,16396,15650,18187,16,6.5,128,4500,Nov-20
502,Galaxy S20 FE SM-G780F 8/256GB Blue (SM-G780FZBH),0,982,19215,16967,23228,56,6.5,256,4500,Nov-20
503,Galaxy S20 SM-G980 8/128GB Grey (SM-G980FZAD),0,1210,21011,18129,29432,65,6.2,128,4000,Feb-20
504,Galaxy S20 Ultra 5G SM-G9880 12/256GB Cosmic Gray,0,933,29175,27238,31780,30,6.9,256,5000,May-20
505,Galaxy S20 Ultra 5G SM-G988B 12/128GB Black,0,984,27461,25999,34999,30,6.9,128,5000,May-20
506,Galaxy S20 Ultra SM-G988 128GB Grey (SM-G988BZAD),0,1114,32806,26080,42127,63,6.9,128,5000,Feb-20
507,Galaxy S20+ 5G SM-G9860 12/128GB Cosmic Black,0,1130,23302,22580,25183,31,6.9,128,4500,Apr-20
508,Galaxy S20+ 5G SM-G9860 8/128GB Gray,0,192,24843,24369,25318,2,6.7,128,4500,May-20
509,Galaxy S20+ 5G SM-G9860 8/128GB Gray,0,226,24843,24369,25318,2,6.7,128,4500,May-20
510,Galaxy S20+ 5G SM-G986B 12/128GB Black,0,321,21905,21150,22572,3,6.7,128,4500,Oct-20
511,Galaxy S20+ 5G SM-G986F-DS 12/128GB Black,0,1011,21326,20490,23321,35,6.7,128,4500,Feb-20
512,Galaxy S20+ LTE SM-G985 Dual 8/128GB Black (SM-G985FZKD),0,1070,24160,19424,27138,87,6.7,128,4500,Feb-20
513,Galaxy S21 8/128GB Phantom Grey (SM-G991BZADSEK),0,1175,26751,24059,27655,25,6.2,128,4000,Jan-21
514,Galaxy S21 8/256GB Phantom Grey (SM-G991BZAGSEK),0,1004,28876,27499,29210,22,6.2,256,4000,Jan-21
515,Galaxy S21 Ultra 12/128GB Phantom Black (SM-G998BZKDSEK),0,1104,37630,34899,40559,28,6.8,128,5000,Jan-21
516,Galaxy S21 Ultra 12/256GB Phantom Black (SM-G998BZKGSEK),0,1164,39620,36359,42127,22,6.8,256,5000,Jan-21
517,Galaxy S21 Ultra 16/512GB Phantom Black (SM-G998BZKHSEK),0,1136,42649,36899,43999,26,6.8,512,5000,Jan-21
518,Galaxy S21+ 8/128GB Phantom Black (SM-G996BZKDSEK),0,979,31574,29319,33601,32,6.7,128,4800,Jan-21
519,Galaxy S21+ 8/256GB Phantom Black (SM-G996BZKGSEK),0,1006,33443,30899,33999,27,6.7,256,4800,Jan-21
520,Galaxy S7 G930F 32GB (Black),0,824,5400,,,1,5.1,32,3000,Apr-16
521,Galaxy S7 G930F 32GB (Gold),0,685,7782,6896,8225,3,5.1,32,3000,Apr-16
522,Galaxy S8 64GB Blue,0,908,7864,7640,8089,2,5.8,64,3000,Mar-17
523,Galaxy S8 G950F Single Sim 64GB Black,0,886,7640,,,1,5.8,64,3000,Feb-18
524,Galaxy S8+ 64GB Black (SM-G955FZKD),0,871,10787,8299,12898,7,6.2,64,3500,Mar-17
525,Galaxy S8+ SM-G955U 64GB Black,0,664,8709,,,1,6.2,64,3500,Dec-20
526,Galaxy S9 SM-G960 DS 128GB Black (SM-G960FZKG),0,167,14990,,,1,5.8,128,3000,Feb-18
527,Galaxy S9 SM-G960 DS 128GB Black (SM-G960FZKG),0,126,14990,,,1,5.8,128,3000,Feb-18
528,Galaxy S9 SM-G960 DS 128GB Black (SM-G960FZKG),0,117,14990,,,1,5.8,128,3000,Feb-18
529,Galaxy S9 SM-G960 DS 128GB Blue,0,92,16798,13309,18370,8,5.8,128,3000,Feb-18
530,Galaxy S9 SM-G960 DS 128GB Blue,0,101,16798,13309,18370,8,5.8,128,3000,Feb-18
531,Galaxy S9 SM-G960 DS 128GB Grey (SM-G960FZAG),0,17,13720,,,1,5.8,128,3000,Feb-18
532,Galaxy S9 SM-G960 DS 128GB Purple (SM-G960FZPG),0,249,13537,12754,14367,9,5.8,128,3000,Feb-18
533,Galaxy S9 SM-G960 DS 64GB Black (SM-G960FZKD),0,1105,11207,9050,13880,5,5.8,64,3000,Feb-18
534,Galaxy S9 SM-G960U1 128GB Purple,0,426,12869,,,1,5.8,128,3000,Dec-20
535,Galaxy S9+ SM-G965 DS 128GB Black,0,376,13550,,,1,6.2,128,3500,Feb-18
536,Galaxy S9+ SM-G965 DS 128GB Blue,0,230,13436,12592,14703,9,6.2,128,3500,Feb-18
537,Galaxy S9+ SM-G965 DS 128GB Grey,0,285,13525,12870,14480,6,6.2,128,3500,Feb-18
538,Galaxy S9+ SM-G965 DS 128GB Purple,0,470,14502,12870,16135,2,6.2,128,3500,Feb-18
539,Galaxy S9+ SM-G965 DS 256GB Black (SM-G965FZKH),0,517,14532,13327,15499,15,6.2,256,3500,Feb-18
540,Galaxy S9+ SM-G965 DS 64GB Black (SM-G965FZKD),0,1135,13837,10048,17966,16,6.2,64,3500,Feb-18
541,Galaxy Z Flip 5G SM-F707 8/256GB Mystic Bronze,0,696,22434,21930,24530,13,6.7,256,3300,Oct-20
542,Galaxy Z Flip SM-F700 8/256GB Mirror Purple (SM-F700FZPD),0,1029,35015,24588,41999,16,6.7,256,3300,Feb-20
543,Galaxy Z Fold2 12/256GB Mystic Black (SM-F916BZKQ),0,1099,51460,44809,59999,33,7.6,256,4500,Aug-20
544,Grace A1 1281 Dual Sim Red (PFP1281DUORED),7,207,460,399,599,6,2.8,0.032,950,Sep-17
545,H791 Nexus 5X 32GB (Mint),0,191,4189,,,1,5.2,32,2700,Sep-15
546,H791 Nexus 5X 32GB (Mint),0,225,4189,,,1,5.2,32,2700,Sep-15
547,H990 V20 Dual 64GB (Black),0,880,3299,,,1,5.7,64,3200,Nov-16
548,H990 V20 Dual 64GB (Silver),0,630,3299,,,1,5.7,64,3200,Nov-16
549,Hammer Energy Black,0,4,5600,,,1,5,16,5000,Jan-17
550,K10 Note 4/64GB Black,0,960,4630,4377,5026,10,6.39,64,4050,Jun-20
551,K10 Note 6/128GB Louise Lake,0,436,5249,,,1,6.39,128,4050,Aug-20
552,K12 6/64 Black,0,504,5101,4999,5185,7,6.3,64,10000,Jul-19
553,K12 6/64 Black,0,509,5101,4999,5185,7,6.3,64,10000,Jul-19
554,K13 4/64GB Black,0,328,5039,4880,5299,6,6.41,64,11000,Mar-20
555,K13 4/64GB Black,0,290,5039,4880,5299,6,6.41,64,11000,Mar-20
556,K13 4/64GB Pro Black,0,506,5146,4982,5399,9,6.41,64,11000,Mar-20
557,K13 Pro Leather Black,0,469,5331,4899,5631,5,6.41,64,11000,Mar-20
558,K5 Pro 4/64GB Black,0,731,3786,3639,3933,2,5.99,64,4050,Feb-19
559,K9 4/64 Black,0,467,5467,5199,5972,4,7.12,64,6000,Jul-19
560,KEYone,0,916,5674,5499,5849,2,4.5,32,3505,Sep-17
561,King Kong CS,0,115,2500,2399,2651,5,5,16,4400,Dec-20
562,King Kong CS,0,124,2500,2399,2651,5,5,16,4400,Dec-20
563,King Kong CS,0,165,2500,2399,2651,5,5,16,4400,Dec-20
564,Kingkong mini 3/32GB Red,0,811,3046,2889,3349,4,4,32,2000,Aug-20
565,Kingkong mini 3/32GB Yellow,0,749,3046,2889,3349,4,4,32,2000,Aug-20
566,Lumia 925 (Black),6,199,2600,,,1,4.5,16,2000,Jul-13
567,Lumia 925 (White),6,178,2600,,,1,4.5,16,2000,Jul-13
568,Lumia 925 (White),6,214,2600,,,1,4.5,16,2000,Jul-13
569,M1 Art (Red),7,6,610,,,1,1.77,0,650,Oct-15
570,M10 2/32GB Black,0,120,3190,2950,3499,15,6.5,32,4000,Oct-19
571,M10 2/32GB Red,0,232,3312,3099,3499,7,6.5,32,4000,Oct-19
572,M10 3/32GB Black,0,890,3325,2899,3705,33,6.5,32,4000,Oct-19
573,M10 3/32GB Blue,0,119,3608,3325,3899,13,6.5,32,4000,Oct-19
574,M2 Gold,7,380,1491,1192,1767,11,2.4,0,1970,Sep-19
575,M3 Black,7,387,1484,1189,1881,4,2.4,0,1970,Dec-19
576,M5 Black,0,668,2840,2798,2907,4,2.8,8,2500,Mar-20
577,M6 Note 3/16GB Black,0,651,3281,3199,3363,2,5.5,16,4000,Nov-17
578,M6T 2/16GB Black,0,345,2765,2699,2899,3,5.7,16,3300,Jul-18
579,M6T 3/32GB Blue,0,305,2999,,,2,5.7,32,3300,Jul-18
580,M6s 3/64GB Gold,7,144,4200,,,1,5.7,64,3000,Jan-18
581,M8 4/64GB Black,0,786,3855,3549,4739,5,5.7,64,3100,Nov-18
582,M8 4/64GB Blue,0,482,3726,3549,4059,9,5.7,64,3100,Feb-19
583,MIX 2 6/64GB Black,0,169,3682,3636,3733,3,6,64,4060,Jan-18
584,MM111,7,453,563,526,688,11,1.4,0.032,460,Dec-20
585,MM111,7,458,563,526,688,11,1.4,0.032,460,Dec-20
586,MM135 Black-Blue,7,48,335,289,398,16,1.77,0,600,Aug-19
587,MM142 Black,7,394,394,355,425,17,2.4,0,1400,Aug-19
588,MM236 Black-Silver,7,283,666,553,799,21,2.8,0,950,May-18
589,MM320 Black,7,242,921,843,999,2,3.2,0,1000,Jun-20
590,MM320 Black,7,239,921,843,999,2,3.2,0,1000,Jun-20
591,MM426 Black,7,747,528,501,560,8,1.77,0.032,600,Feb-20
592,MM471 White,7,338,774,757,795,6,2.2,0,1400,Aug-20
593,MM720 Black,7,521,720,622,775,10,2.2,0,800,May-18
594,MM817 Black,7,414,747,699,795,13,2.4,0,800,Jun-20
595,MM817 Black,7,404,747,699,795,13,2.4,0,800,Jun-20
596,Mate 10 6/128GB Gold,0,206,13733,,,1,5.9,128,4000,May-18
597,Mate 10 6/256GB Porsche Design,0,606,14257,13255,15675,4,6,256,4000,Mar-18
598,Mate 20 DS 6/64GB Black,0,566,13612,13255,13969,2,6.53,64,4000,Jan-19
599,Mate RS Porsche Design 6/256GB Black,0,785,13782,13499,13999,3,6,256,4000,Dec-20
600,Mate Xs 8/512GB Interstellar blue (51095CSQ),0,740,56082,49999,69999,6,5,512,4500,Jul-20
601,Mi 10 Lite 6/128GB Cosmic Grey,0,926,11104,8649,13083,9,6.57,128,4160,Jun-20
602,Mi 10 Lite 6/64GB Cosmic Grey,0,1087,12456,,,1,6.57,64,4160,Jun-20
603,Mi 10 Lite 8/256GB Dream White,0,836,12055,11898,12498,6,6.57,256,4160,Jun-20
604,Mi 10 Pro 8/256GB Gray,0,1026,27999,,,1,6.67,256,4500,May-20
605,Mi 10T 6/128GB Cosmic Black,0,1154,12778,12077,14728,49,6.67,128,5000,Oct-20
606,Mi 10T 8/128GB Cosmic Black,0,1191,13236,12399,14538,47,6.67,128,5000,Oct-20
607,Mi 10T Lite 6/128GB Pearl Gray,0,1133,9502,8999,10089,26,6.67,128,4820,Oct-20
608,Mi 10T Lite 6/64GB Pearl Gray,0,1037,9039,8699,9299,5,6.67,64,4820,Oct-20
609,Mi 10T Pro 8/128GB Cosmic Black,0,1152,15767,14999,16720,17,6.67,128,5000,Oct-20
610,Mi 10T Pro 8/256GB Cosmic Black,0,1168,16756,15999,17538,12,6.67,256,5000,Oct-20
611,Mi Max 2 4/64GB Black,0,393,3989,,,1,6.44,64,5300,Jun-17
612,Mi Note 10 Lite 6/64GB Purple,0,558,8999,,,1,6.47,64,5260,May-20
613,Mi5 3/32GB Gold,0,511,4098,,,1,5.15,32,3000,Feb-16
614,Mix 2 M2 4/64GB Black,0,801,2786,2644,2934,4,6,64,4200,Aug-19
615,Mix 2 M2 4/64GB Blue,0,559,2865,2469,3089,4,6,64,4200,Oct-18
617,Moto C Plus XT1723 16GB Gold (PA800126UA),0,75,2999,,,1,5,16,4000,Jul-17
618,Moto E4 (XT1762) Metallic Iron Gray (PA750058UA),0,153,2590,,,1,5,16,2800,Jun-17
619,Moto E5 Plus XT1924-1 DualSim Black (PABA0014UA),0,183,4090,,,1,6,32,5000,Aug-18
620,Moto E5 XT1944 16GB black,0,203,2590,,,1,5.7,16,4000,Aug-18
621,Moto G5 2/16GB Gold (PA610071UA),0,441,2243,,,7,5,16,2800,Mar-17
622,Moto G5s (XT1794) Lunar Gray (PA7W0024UA),0,431,3569,3549,3590,2,5.2,32,3000,Aug-17
623,Moto G5s (XT1794) Lunar Gray (PA7W0024UA),0,434,3569,3549,3590,2,5.2,32,3000,Aug-17
624,Moto G5s XT1799 4/64GB Black (PA930008CN),0,554,3569,3549,3590,2,5.2,64,3000,May-19
625,Moto G5s XT1799 4/64GB Black (PA930008CN),0,549,3569,3549,3590,2,5.2,64,3000,May-19
626,Moto G6 Play XT1922-5 Dual Sim 32GB Indigo Blue,0,147,3590,,,1,5.7,32,4000,Jun-18
627,Moto G6 Plus XT1926 Dual Sim 64GB Indigo Blue,0,385,6545,5490,7600,2,5.9,64,3200,Jun-18
628,Moto G7 Play XT1952-2 Dual Sim 2/32GB Deep Indigo,0,487,3494,3199,3790,2,5.7,32,3000,May-19
629,Moto G7 Power XT1955-4 4/64GB Ceramic Black,0,189,5790,,,1,6.2,64,5000,Aug-19
630,Moto G7 Power XT1955-4 4/64GB Ceramic Black,0,236,5790,,,1,6.2,64,5000,Aug-19
631,Moto G8 4/64GB Blue (PAHL0004RS),0,722,5084,4499,5415,10,6.4,64,4000,Aug-20
632,Moto G8 4/64GB Blue (PAHL0004RS),0,720,5084,4499,5415,10,6.4,64,4000,Aug-20
633,Moto G8 4/64GB White (PAHL0010RS),0,528,5105,4399,5415,9,6.4,64,4000,Aug-20
634,Moto G8 4/64GB White (PAHL0010RS),0,539,5105,4399,5415,9,6.4,64,4000,Aug-20
635,Moto G8 Plus XT2019-1 4/64GB Dual Sim Cosmic Blue (PAGE0015RS),0,1041,5573,5299,5799,12,6.3,64,4000,Nov-19
636,Moto G9 Power 4/128GB Gray (PALR0020RS),0,1149,5432,5299,5499,3,6.4,128,5000,Oct-20
637,Moto M Grey (PA5D0075UA),0,47,3490,,,1,5.5,32,3050,Mar-17
638,Moto X (2nd. Gen) (Black) 16GB,0,7,3490,,,1,5.2,16,2300,Sep-14
639,Moto X Force (Black),0,638,5294,4999,5590,2,5.4,32,3760,Apr-16
640,Moto X4 3/32GB Black (PA8X0004UA),0,170,5790,,,1,5.2,32,3000,Nov-17
641,Moto Z 32GB Black (SM4389AE7U1),0,174,4990,,,1,5.5,32,2600,Sep-16
642,Moto Z 32GB Black (SM4389AE7U1),0,210,4990,,,1,5.5,32,2600,Sep-16
643,Moto Z 32GB Black (SM4389AE7U1),0,223,4990,,,1,5.5,32,2600,Sep-16
644,Moto Z 32GB White/Gold (SM4389AD1U1),0,196,3796,3399,4990,4,5.5,32,2600,Sep-16
645,Moto Z2 Force 6/64GB Black (PA900007UA),0,808,7094,6999,7190,2,5.5,64,2730,Nov-17
646,Moto Z2 Force SS 4/64GB Fine Gold,0,703,5999,,,1,5.5,64,2730,Dec-20
647,Moto Z2 Play Fine Gold (SM4482AJ1K7),0,46,5244,4999,5490,2,5.5,64,3000,Jul-17
648,Moto Z2 Play Lunar Grey (SM4482AC3K7),0,322,5244,4999,5490,2,5.5,64,3000,Jul-17
649,Moto Z3 Play 4/64GB Deep Indgo,0,374,6590,6190,6990,2,6.01,64,3000,Jul-18
650,Moto Z4 4/128GB Flash Gray,0,503,11690,11490,11890,2,6.4,128,3600,Jul-19
651,Moto Z4 4/128GB Flash Gray,0,508,11690,11490,11890,2,6.4,128,3600,Jul-19
652,N1-550 Cruiser Dual Sim Black,0,35,2599,,,1,5.5,16,4500,Nov-18
653,N1-550 Cruiser Dual Sim Black,0,85,2599,,,1,5.5,16,4500,Nov-18
654,N10 3/32GB Purple,0,614,2299,,,1,5.84,32,3360,Nov-19
655,N20 4/64GB Black,0,875,2989,2835,3306,10,6.3,64,4350,Oct-19
656,N20 Pro 6/128GB Green,0,959,4722,3799,5299,24,6.3,128,4400,Sep-20
657,N30 4/128GB Dreamy Blue,0,672,3519,3244,3870,8,6.55,128,4500,Nov-20
658,N30 4/128GB Dreamy Blue,0,675,3519,3244,3870,8,6.55,128,4500,Nov-20
659,N920C Galaxy Note 5 32GB (Gold Platinum),0,31,5494,,,1,5.7,32,3000,Oct-15
660,Neon A1,7,463,652,600,705,2,1.77,0.032,800,Jul-17
661,Neon A1,7,456,652,600,705,2,1.77,0.032,800,Jul-17
662,Nexus 6 32GB (Cloud White),0,340,3895,,,1,5.3,32,3220,Jan-15
663,Nord 12/256GB Gray Onyx,0,1096,12985,12670,13999,25,6.44,256,4115,Jul-20
664,Nord 8/128GB Gray Onyx,0,1109,12069,11149,13479,19,6.44,128,4115,Jul-20
665,Nord N10 5G 6/128GB Midnight Ice,0,1194,9795,7900,46617,28,6.49,128,4300,Dec-20
666,Nord N100 4/64GB Midnight Frost,0,965,6112,5825,6999,28,6.52,64,5000,Nov-20
667,Note 20 Pro 6/128GB Black,0,962,3491,3349,3719,4,6.5,128,4200,Oct-20
668,Note 20 Pro 8/128GB Black,0,576,4494,,,1,6.5,128,4200,Jan-21
669,Note 7P 3/32GB Twilight,0,28,2999,2749,3358,17,6.1,32,3500,Aug-19
670,Note 7P 3/32GB Twilight,0,22,2999,2749,3358,17,6.1,32,3500,Aug-19
671,Note 8P 2/16GB Black,0,312,2125,1860,2369,33,5.5,16,2700,Jul-20
672,Note 8P 2/16GB Midnight Green,0,211,2148,1877,2369,23,5.5,16,2700,Jul-20
673,Note 8P 2/16GB Midnight Green,0,175,2148,1877,2369,23,5.5,16,2700,Jul-20
674,Note 9 4/64GB Black,0,1167,4430,4069,5372,34,6.2,64,4000,May-19
675,Nova 4 8/128GB Black,0,81,9372,9172,9572,3,6.4,128,3750,Mar-19
676,Nubia Z17 8/64GB Black,0,220,8619,,,1,5.5,64,3200,Jan-18
677,Nubia Z17 8/64GB Black,0,187,8619,,,1,5.5,64,3200,Jan-18
678,One Action 4/128GB XT2013-2 Blue,0,839,4697,,,1,6.34,128,3500,Aug-19
679,One Action 4/128GB XT2013-2 White,0,855,4697,,,1,6.34,128,3500,Aug-19
680,One Fusion 4/64GB Deep Sapphire Blue,0,481,7190,,,1,6.5,64,5000,Sep-20
681,One Fusion+ 6/128GB Blue (PAJW0006RS),0,1148,7071,6999,7499,15,6.5,128,5000,Sep-20
682,One Hyper XT2027-1 4/128GB Deep Sea Blue,0,531,8261,7999,8590,3,6.5,128,4000,Mar-20
683,One Macro XT2016-1 4/64GB Blue,0,135,4550,,,1,6.2,64,4000,May-20
684,One Power XT1942-1 4/64GB Dual Sim Black,0,512,5290,,,1,6.2,64,5000,Mar-19
685,One Vision 4/128GB Bronze,0,382,7590,,,1,6.3,128,3500,Jun-19
686,One Vision 4/128GB Sapphire Blue,0,881,6643,5697,7590,2,6.3,128,3500,Jun-19
687,One XT1941-4 4/64GB Dual Sim Black,0,480,4490,,,1,5.9,64,3000,Dec-18
688,One Zoom 4/128GB Grey,0,759,9790,,,1,6.4,128,4000,Oct-19
689,One Zoom 4/128GB Purple,0,569,9790,,,1,6.4,128,4000,Jul-20
690,P Smart 2020 4/128GB Emerald Green,0,641,4681,4507,5055,18,6.21,128,3400,Sep-20
691,P Smart Pro 6/128GB Midnight Black (51094UVB),0,994,7199,6999,7399,4,6.59,128,4000,Nov-19
692,P Smart S 4/128GB Breathing Crystal (51095HVM),0,914,5802,5199,7077,23,6.3,128,4000,Jul-20
693,P smart 2019 3/64GB Black (51093FSW),0,825,4262,3845,4990,11,6.21,64,3400,Dec-18
694,P smart 2021 4/128GB Midnight Black (51096ABV),0,1038,5311,4787,6499,39,6.67,128,5000,Oct-20
695,P smart Z 4/64GB Emerald Green (51093WVK),0,1076,4989,4299,5499,18,6.59,64,4000,Jul-19
696,P smart+ 4/64GB Black (51092TFB),0,500,5380,,,1,6.3,64,3340,Aug-18
697,P30 4/64GB Black,0,495,3320,3069,3586,11,6.3,64,4000,Jun-20
698,P30 6/128GB Black (51093NDK),0,993,15464,14801,19999,17,6.1,128,3650,Mar-19
699,P30 8/128GB Black,0,711,14906,,,1,6.1,128,3650,May-19
700,P30 Lite 4/128GB Breathing Crystal,0,856,5821,5649,6095,3,6.15,128,3340,Sep-20
701,P30 Lite 6/256GB Peacock Blue,0,1000,6257,5932,6897,17,6.15,256,3340,Jul-20
702,P30 Pro 6/128GB Black (51093TFT),0,1056,16997,15650,18717,14,6.47,128,4200,Mar-19
703,P30 Pro 8/128GB Aurora,0,1079,16798,16199,17999,19,6.47,128,4200,Mar-19
704,P30 Pro 8/256GB Black (51093NFN),0,1089,15560,,,1,6.47,256,4200,Mar-19
705,P30 Pro NEW EDITION 8/256GB Silver Frost,0,1057,18484,17870,19599,18,6.47,256,4200,Jul-20
706,P40 8/128GB Black (51095EHY),0,1064,17155,14150,22999,18,6.1,128,3800,Mar-20
707,P40 Pro 8/256GB Silver Frost (51095CAL),0,1075,23465,22130,24999,9,6.58,256,4200,Mar-20
708,P40 Pro+ 8/512GB Black Ceramic,1,417,31656,30981,33089,10,6.58,512,4200,Oct-20
709,P40 Pro+ 8/512GB Black Ceramic,1,407,31656,30981,33089,10,6.58,512,4200,Oct-20
710,P40 lite 6/128GB Crush Green (51095CJX),0,1061,6789,5998,7999,43,6.4,128,4000,Mar-20
711,P40 lite E 4/64GB Midnight Black (51095DCE),0,1134,4243,3760,5999,54,6.39,64,4000,Mar-20
712,P600 Black,0,301,1699,,,1,5.5,16,4000,Jan-19
713,P600 Gold,0,326,1699,,,1,5.5,16,4000,Jan-19
714,P760 Black,0,391,1799,,,1,5.5,16,4000,Mar-19
715,P8 Prestige Gold,0,241,3487,,,1,5.2,16,2680,Sep-15
716,P8 Prestige Gold,0,238,3487,,,1,5.2,16,2680,Sep-15
717,POP 2F B1F 1/16GB Midnight Black (4895180746659),0,794,1631,1479,1699,25,5.5,16,2400,Sep-19
718,POP 3 BB2 1/16GB DS Sandstone Black (4895180751288),0,468,1810,1629,1979,39,5.7,16,3500,Jul-20
719,POP 4 BC2 2/32GB DS Ice Lake Green (4895180759420),0,864,2236,2069,2299,11,6,32,5000,Aug-20
720,Pixel 128GB (Quite Black),0,520,6838,5199,9700,4,5,128,2770,Oct-16
721,Pixel 2 128GB Just Black,0,718,13014,6611,18186,9,5,128,2700,Oct-17
722,Pixel 2 64GB Just Black,0,895,6667,5386,8490,9,5,64,2700,Oct-17
723,Pixel 2 XL 64GB Just Black,0,1050,12909,5999,17421,8,6,64,3520,Oct-17
724,Pixel 3 4/128GB Just Black,0,713,13500,,,1,5.5,128,2915,Oct-18
725,Pixel 3 4/64GB Just Black,0,1077,10274,9499,11499,14,5.5,64,2915,Oct-18
726,Pixel 3 XL 4/64GB Just Black,0,1082,11238,8399,12999,29,6.3,64,3430,Oct-18
727,Pixel 32GB (Quite Black),0,588,4729,4699,4760,2,5,32,2770,Oct-16
728,Pixel 3a 4/64GB Just Black,0,867,10071,7900,11199,26,5.6,64,3000,May-19
729,Pixel 3a XL 4/64GB Just Black,0,510,11774,9577,12999,9,6,64,3700,May-19
730,Pixel 4 6/64GB Just Black,0,1065,17187,15944,19409,21,5.7,64,2800,Oct-19
731,Pixel 4 XL 6/128GB Just Black,0,734,25548,24763,26999,6,6.3,128,3700,Oct-19
732,Pixel 4 XL 6/64GB Oh So Orange,0,1019,19369,16600,22999,4,6.3,64,3700,Oct-19
733,Pixel 4a 5G 6/128GB Just Black,0,1202,15706,14899,17718,33,6.24,128,3885,Oct-20
734,Pixel 4a 6/128GB Just Black,0,1223,12106,11740,12999,37,5.81,128,3140,Aug-20
735,Pixel 5 8/128GB Just Black,0,1165,21879,21150,24999,36,6,128,4080,Oct-20
736,Pixel XL 128GB (Quite Black),0,452,5899,,,1,5.5,128,3450,Oct-16
737,Pixel XL 128GB (Quite Black),0,462,5899,,,1,5.5,128,3450,Oct-16
738,Poco F2 Pro 6/128GB Electric Purple,0,1150,12999,,,1,6.67,128,4700,May-20
739,Poco M3 4/128GB Black,0,1116,5372,4933,6005,41,6.53,128,6000,Nov-20
740,Poco M3 4/64GB Black,0,1217,4708,4270,5345,34,6.53,64,6000,Nov-20
741,Poco X3 NFC 6/128GB Cobalt Blue,0,1222,7152,6836,7999,59,6.67,128,5160,Sep-20
742,Poco X3 NFC 6/64GB Cobalt Blue,0,1211,6488,6169,7499,57,6.67,64,5160,Sep-20
743,Pocophone F1 6/128GB Blue,0,946,7231,6930,7999,16,6.18,128,4000,Aug-18
744,Pop 4 Pro BC3 1/16GB Cosmic Shine,0,639,2314,1999,2419,18,6.52,16,5000,Nov-20
745,Power 6 4/64GB Black,0,572,4204,3519,4520,23,6.3,64,6350,Sep-19
746,Power 6 4/64GB Blue,0,171,4335,4118,4780,12,6.3,64,6350,Sep-19
747,Power 6 4/64GB Red,0,416,4211,3999,4520,16,6.3,64,6350,Oct-19
748,Power 6 4/64GB Red,0,406,4211,3999,4520,16,6.3,64,6350,Oct-19
749,Q 6/64GB Blue,0,244,5957,,,1,6.3,64,4035,Mar-20
750,Quest 4/64GB Black,0,13,4099,,,1,5.5,64,4000,Feb-20
751,R240 Dual Sim Black,7,655,877,720,1089,51,2.4,0.032,2000,Oct-17
752,RAZR 2019 XT200-1 Noir Black,0,827,22713,21550,24999,3,6.4,128,2510,Apr-20
753,RAZR 2019 XT2000-2 Noir Black,0,972,22760,21550,28572,19,6.2,128,2510,Oct-20
754,ROG Phone 3 Strix 12/128GB Black (90AI0031-M00010),0,973,18618,17970,19999,5,6.59,128,6000,Sep-20
755,ROG Phone 3 ZS661KS 12/128GB Black (90AI0032-M00180),0,1140,18993,17589,20634,7,6.59,128,6000,Sep-20
756,ROG Phone 3 ZS661KS 12/256GB Black,0,1002,21964,21377,22400,5,6.59,256,6000,Sep-20
757,ROG Phone 3 ZS661KS 12/512GB Black,0,1088,28384,27299,29999,11,6.59,512,6000,Sep-20
758,ROG Phone 8/512GB DualSim Black,0,112,17510,,,1,6,512,4000,Dec-18
759,ROG Phone 8/512GB DualSim Black,0,121,17510,,,1,6,512,4000,Dec-18
760,ROG Phone 8/512GB DualSim Black,0,162,17510,,,1,6,512,4000,Dec-18
761,Redmi 10x 4G 4/128GB Blue,0,1102,5133,4649,5600,10,6.53,128,5020,Jun-20
762,Redmi 10x 4G 6/128GB Blue,0,966,5761,5569,5999,7,6.53,128,5020,Jun-20
763,Redmi 4x 2/16GB Black,0,580,2358,2353,2363,2,5,16,4100,Mar-17
764,Redmi 4x 2/16GB Gold,0,597,2358,2353,2363,2,5,16,4100,Mar-17
765,Redmi 4x 4/64GB Black,0,1093,2826,2775,2850,4,5,64,4100,Aug-17
766,Redmi 4x 4/64GB Gold,0,850,2826,2775,2850,4,5,64,4100,Jul-17
767,Redmi 5 3/32GB Black,0,636,2950,,,1,5.7,32,3300,Dec-17
768,Redmi 5 3/32GB Gold,0,743,3882,2940,4427,4,5.7,32,3300,Dec-17
769,Redmi 5 Plus 4/64GB Black,0,608,3463,3458,3469,2,5.9,64,4000,Dec-17
770,Redmi 5 Plus 4/64GB Gold,0,859,4265,3458,5349,4,5.9,64,4000,Dec-17
771,Redmi 5A 2/16GB Gold,0,715,2420,2150,2560,2,5,16,3080,Oct-17
772,Redmi 5A 3/32GB Gold,0,141,2400,2350,2450,2,5,32,3080,Apr-18
773,Redmi 5A 3/32GB Gray,0,358,2749,2350,3449,3,5,32,3080,Apr-18
774,Redmi 5A 3/32GB Gray,0,366,2749,2350,3449,3,5,32,3080,Apr-18
775,Redmi 6 3/32GB Black,0,878,2794,2670,2877,5,5.45,32,3000,Jul-18
776,Redmi 6 3/32GB Gold,0,758,2794,2670,2877,5,5.45,32,3000,Jun-18
777,Redmi 6 3/64GB Black,0,667,3054,,,1,5.45,64,3000,Oct-18
778,Redmi 6 3/64GB Gold,0,343,3193,3054,3333,2,5.45,64,3000,Oct-18
779,Redmi 6 3/64GB Gold,0,362,3193,3054,3333,2,5.45,64,3000,Oct-18
780,Redmi 6 4/64GB Black,0,760,3480,2995,4654,5,5.45,64,3000,Aug-18
781,Redmi 6 Pro 3/32GB Black,0,657,3317,3233,3402,2,5.84,32,4000,Jul-18
782,Redmi 6 Pro 4/64GB Black,0,733,3627,3550,3675,3,5.84,64,4000,Jul-18
783,Redmi 7 4/64GB Blue,0,176,3671,3539,3785,4,6.26,64,4000,Mar-19
784,Redmi 7 4/64GB Blue,0,212,3671,3539,3785,4,6.26,64,4000,Mar-19
785,Redmi 7a 2/16GB Black,0,435,3248,,,1,5.45,16,4000,Jul-19
786,Redmi 7a 3/32GB Black,0,999,3468,3248,3762,6,5.45,32,4000,Jul-19
787,Redmi 8 3/32GB Black,0,1007,3559,3480,3599,3,6.22,32,5000,Oct-19
788,Redmi 8 4/64GB Blue,0,1188,3840,3449,4286,31,6.22,64,5000,Oct-19
789,Redmi 8A 3/32GB Black,0,866,3219,,,1,6.22,32,5000,Mar-20
790,Redmi 8A 4/64GB Black,0,1158,3503,3315,3950,28,6.22,64,5000,Apr-20
791,Redmi 9 3/32GB Grey NFC,0,1151,4047,3795,4854,69,6.53,32,5020,Jun-20
792,Redmi 9 3/32GB Purple no NFC,0,654,4099,3733,4840,11,6.53,32,5020,Nov-20
793,Redmi 9 4/128GB Blue (no NFC),0,367,4960,4690,5588,8,6.53,128,5020,Oct-20
794,Redmi 9 4/128GB Blue (no NFC),0,359,4960,4690,5588,8,6.53,128,5020,Oct-20
795,Redmi 9 4/128GB Green (no NFC),0,263,4822,4740,4929,3,6.53,128,5020,Oct-20
796,Redmi 9 4/128GB Green (no NFC),0,275,4822,4740,4929,3,6.53,128,5020,Oct-20
797,Redmi 9 4/128GB Grey (no NFC),0,615,4861,4638,5238,14,6.53,128,5020,Oct-20
798,Redmi 9 4/128GB Pink (no NFC),0,748,4846,4690,5029,14,6.53,128,5020,Oct-20
799,Redmi 9 4/64GB Grey NFC,0,1206,4492,4295,5254,47,6.53,64,5020,Jun-20
800,Redmi 9 4/64Gb Pink (no NFC),0,976,4316,4077,4745,8,6.53,64,5020,Nov-20
801,Redmi 9 6/128GB Grey (no NFC),0,1015,5179,4740,5663,13,6.53,128,5020,Oct-20
802,Redmi 9A 2/32GB Granite Gray,0,1142,3163,2898,4155,62,6.53,32,5000,Jul-20
803,Redmi 9C 2/32GB Midnight Gray,0,934,3490,3293,4302,36,6.53,32,5000,Aug-20
804,Redmi 9C 3/64GB Midnight Gray,0,1123,3778,3697,4499,10,6.53,64,5000,Aug-20
805,Redmi 9C NFC 2/32GB Midnight Gray,0,863,3484,3199,3809,29,6.53,32,5000,Aug-20
806,Redmi 9C NFC 3/64GB Midnight Gray,0,796,4256,3599,4920,3,6.53,64,5000,Aug-20
807,Redmi 9T 4/128GB Twilight Blue,0,1107,6064,5847,6600,10,6.53,128,6000,Jan-21
808,Redmi 9T 4/64GB Sunrise Orange,0,544,5495,,,2,6.53,64,6000,Jan-21
809,Redmi K30 6/128GB Purple,0,582,8000,7850,8200,3,6.67,128,4500,May-20
810,Redmi K30 8/128GB Purple,0,1138,7725,7350,8499,16,6.67,128,4500,May-20
811,Redmi K30 8/256GB Red,0,699,8577,8220,9214,7,6.67,256,4500,May-20
812,Redmi K30 Pro 6/128GB White,0,963,14108,,,1,6.67,128,4700,May-20
813,Redmi Note 4 3/32GB (Gray),0,669,2819,,,1,5.5,32,4100,Nov-16
814,Redmi Note 4 3/64GB (Gold),0,255,2931,,,1,5.5,64,4100,Sep-16
815,Redmi Note 4 3/64GB (Gold),0,267,2931,,,1,5.5,64,4100,Sep-16
816,Redmi Note 4x 3/32GB Black,0,945,2675,2560,2789,4,5.5,32,4100,Feb-17
817,Redmi Note 4x 4/64GB Black,0,1127,2809,2730,2889,2,5.5,64,4100,May-17
818,Redmi Note 4x 4/64GB Gold,0,781,2809,2730,2889,2,5.5,64,4100,May-17
819,Redmi Note 5 3/32GB Black,0,937,3320,3316,3325,2,5.9,32,4000,May-18
820,Redmi Note 5 3/32GB Gold,0,717,3671,3260,4779,4,5.9,32,4000,May-18
821,Redmi Note 5 3/32GB Rose Gold,0,347,3595,3377,3814,4,5.9,32,4000,May-18
822,Redmi Note 5 4/64GB Gold,0,1120,3451,2999,3639,5,5.99,64,4000,May-18
823,Redmi Note 6 Pro 3/32GB Blue,0,514,3599,,,1,6.26,32,4000,Oct-18
824,Redmi Note 6 Pro 4/64GB Blue,0,420,5010,4873,5147,2,6.26,64,4000,Oct-18
825,Redmi Note 6 Pro 4/64GB Rose Gold,0,392,5010,4873,5147,2,6.26,64,4000,Oct-18
826,Redmi Note 7 4/64GB Black,0,1068,4323,4250,4459,3,6.3,64,4000,Jan-19
827,Redmi Note 8 3/32GB Blue,0,971,4304,4299,4309,2,6.3,32,4000,Nov-19
828,Redmi Note 8 4/128GB Black,0,912,5261,4999,5701,8,6.3,128,4000,Oct-19
829,Redmi Note 8 4/64GB Blue,0,1171,4888,4499,5275,11,6.3,64,4000,Sep-19
830,Redmi Note 8 6/128GB Blue,0,967,5514,5260,5990,7,6.3,128,4000,Sep-19
831,Redmi Note 8 6/64GB White,0,771,5164,4999,5329,2,6.3,64,4000,Aug-20
832,Redmi Note 8 Pro 6/128GB Green,0,1125,6811,6435,7264,31,6.53,128,4500,Sep-19
833,Redmi Note 8 Pro 6/64GB Green,0,1193,6164,5699,6600,39,6.53,64,4500,Sep-19
834,Redmi Note 8 Pro 8/128GB White,0,891,6630,,,1,6.53,128,4500,May-20
835,Redmi Note 8T 3/32GB Grey,0,607,6600,,,1,6.3,32,4000,Nov-19
836,Redmi Note 8T 4/64GB Grey,0,1141,4899,,,1,6.3,64,4000,Nov-19
837,Redmi Note 9 3/64GB Grey (no NFC),0,465,4834,4773,4895,2,6.53,64,5020,Jul-20
838,Redmi Note 9 3/64GB Grey NFC,0,1170,5085,4649,6099,45,6.53,64,5020,May-20
839,Redmi Note 9 4/128GB Grey NFC,0,1200,5648,5399,6353,49,6.53,128,5020,May-20
840,Redmi Note 9 4/128GB White (no NFC),0,646,5210,5104,5489,5,6.53,128,5020,Jul-20
841,Redmi Note 9 Pro 4/64GB Interstellar Grey,0,757,7014,6999,7030,2,6.67,64,5020,Nov-20
842,Redmi Note 9 Pro 6/128GB Grey,0,1219,7427,7025,7999,99,6.67,128,5020,May-20
843,Redmi Note 9 Pro 6/64GB Green,0,1201,6820,6395,7204,102,6.67,64,5020,May-20
844,Redmi Note 9S 4/64GB Grey,0,1196,5754,5295,6555,30,6.67,64,5020,Apr-20
845,Redmi Note 9S 6/128GB Grey,0,1137,6576,6232,7239,16,6.67,128,5020,Apr-20
846,Redmi Note 9T 4/128GB Nightfall Black,0,763,8442,7780,8999,6,6.53,128,5000,Jan-21
847,Redmi Note 9T 4/64GB Daybreak Purple,0,958,7682,6999,8499,10,6.53,64,5000,Jan-21
848,Reno 4 Lite 8/128GB Magic Blue,0,991,10221,8668,12760,57,6.43,128,4025,Sep-20
849,Reno 4 Pro 8/256GB Starry Night,0,1020,15361,13399,18478,54,6.5,256,4000,Sep-20
850,Reno 6/256GB Ocean Green,0,751,10341,9929,10699,11,6.4,256,3765,Apr-20
851,Reno2 8/256GB Ocean Blue,0,1060,12535,12020,13036,20,6.5,256,4000,Dec-19
852,Reno2 Z 8/128GB Black,0,974,8450,8120,8999,20,6.5,128,4000,Dec-19
853,Reno4 Z 5G 8/128GB Black,0,349,10974,10750,11369,9,6.57,128,4000,Oct-20
854,Rover Tank T3 KUH Black,7,698,1382,1381,1383,2,2.4,0,15800,Jun-20
855,S1 1/8GB Black,0,34,1697,1594,1799,3,5.5,8,3000,Nov-18
856,S1 1/8GB Black,0,84,1697,1594,1799,3,5.5,8,3000,Nov-18
857,S1 Black,0,58,3032,3015,3050,2,5.5,64,3500,Oct-17
858,S1-07 Black,7,76,299,,,1,1.8,0,1000,Jun-17
859,S1-07 Gold,7,1,299,,,1,1.8,0,1000,Jun-17
860,S180 DualSim Red,7,201,273,259,329,35,1.77,0.032,600,Sep-18
861,S240 Age Black Orange,7,451,499,,,4,2.4,0,800,Sep-19
862,S240 Age Black Orange,7,461,499,,,4,2.4,0,800,Sep-19
863,S260 Black,0,643,1499,,,1,5.45,8,2000,Dec-19
864,S31 Black,0,591,6718,6199,8668,12,4.7,16,4000,Feb-18
865,S40 3/32GB Black,0,924,2939,2740,3699,20,5.5,32,4650,Aug-19
866,S40 Lite 2/16GB Black,0,288,2707,2199,3029,17,5.5,16,4650,Aug-20
867,S40 Lite 2/16GB Black,0,300,2707,2199,3029,17,5.5,16,4650,Aug-20
868,S40 Lite 2/16GB Black,0,324,2707,2199,3029,17,5.5,16,4650,Aug-20
869,S40 Pro 4/64GB Black,0,552,3590,3269,3795,10,5.45,64,4650,Nov-20
870,S40 Pro 4/64GB Black,0,557,3590,3269,3795,10,5.45,64,4650,Nov-20
871,S42 Dual Black,0,631,9148,8800,9699,12,5.5,32,4200,Sep-20
872,S5 4/64GB Pink,0,498,3245,3230,3260,2,5.7,64,3000,Jul-19
873,S5 Pro 6/64GB Black,0,727,4183,4149,4218,2,6.2,64,3500,Mar-19
874,S5 Pro 6/64Gb Blue,0,432,3849,,,1,6.2,64,3500,Aug-19
875,S5 Pro 6/64Gb Gold,0,586,3957,3799,4149,5,6.2,64,3500,Aug-19
876,S52,0,784,13259,11190,17896,39,5.65,64,3100,Nov-19
877,S55 4/64GB Black,0,647,3527,3370,3689,8,5.5,64,5500,Feb-19
878,S561 3/32GB Black,0,862,2872,2699,2908,17,5.45,32,4000,Jan-20
879,S58 Pro 6/64GB Black,0,986,4998,4270,5999,22,5.71,64,5180,Sep-20
880,S60,0,809,10977,10537,11628,31,4.7,32,3800,Aug-16
881,S60 Lite 4/32GB Black,0,297,3789,3549,4161,7,5.2,32,5580,May-18
882,S60 Lite 4/32GB Black,0,336,3789,3549,4161,7,5.2,32,5580,May-18
883,S61 Black,0,777,25649,18730,31317,53,5.2,64,4500,Aug-18
884,S62 Pro,0,1051,19229,18750,20698,21,5.7,128,4000,Sep-20
885,S68 Pro 6/128GB Black,0,848,6680,5410,8699,36,5.9,128,6300,Jan-20
886,S88 Pro 6/128GB Black,0,1053,6514,5439,7299,13,6.3,128,10000,Aug-20
887,S90C 4/128GB Black,0,476,5612,4899,6128,6,6.18,128,5050,Aug-20
888,S90C 4/64GB Black,0,89,5299,,,1,6.18,64,5050,Dec-19
889,S90C 4/64GB Black,0,39,5299,,,1,6.18,64,5050,Dec-19
890,S90C 4/64GB Black,0,98,5299,,,1,6.18,64,5050,Dec-19
891,S90C 4/64GB GIFT Orange,0,68,8071,5649,9418,6,6.18,64,5050,Apr-20
892,S95 Pro 8/128GB Black,0,955,8904,8599,9499,13,6.3,128,5150,Feb-20
893,S95 Pro 8/256GB Mineral Black,0,445,9430,9249,9649,7,6.3,256,5150,Jul-20
894,S96 Pro 8/128GB Black,0,534,7791,7599,8237,8,6.22,128,6350,Jan-21
895,S96 Pro 8/128GB Green,0,139,7842,7599,8237,5,6.22,128,6350,Jan-21
896,S96 Pro 8/128GB Orange,0,438,7903,7679,8237,4,6.22,128,6350,Jan-21
897,SUN6 Blue,7,282,899,,,1,3,0,18800,Dec-19
898,Sense 55DC 16GB Black,0,51,1799,,,1,5.5,16,3000,Jun-18
899,Sense 55DC 16GB Gold,0,99,2299,,,5,5.5,16,3000,Mar-18
900,Sense 55DC 16GB Gold,0,40,2299,,,5,5.5,16,3000,Mar-18
901,Sense 55DC 16GB Gold,0,90,2299,,,5,5.5,16,3000,Mar-18
902,Sense 55S 16GB Black,0,72,2775,2222,2899,8,5.5,16,3000,Mar-18
903,Shine AS-5435 Blue,0,60,1599,,,1,5,16,2000,Jun-17
904,Simple F200n Black,7,292,249,,,1,1.77,0.032,600,Feb-20
905,Simple F200n Black,7,331,249,,,1,1.77,0.032,600,Feb-20
906,Smart Ultra Dark Gray,0,593,2142,1785,2499,2,5.5,16,2960,Jan-17
907,Spark 4 KC2 3/32GB Royal Purple,0,57,2999,,,3,6.52,32,4000,Nov-19
908,Spark 4 Lite 2/32GB Midnight Black (4895180754593),0,656,2321,2111,2599,6,6.52,32,4000,May-20
909,Spark 5 Pro KD7 4/128GB DS Spark Orange,0,1058,3762,3333,3999,49,6.6,128,5000,Jul-20
910,Spark 5 Pro KD7 4/64GB DS Spark Orange,0,1074,3583,3177,3799,51,6.6,64,5000,Jul-20
911,Spark 6 Go KE5 2/32GB Aqua Blue (4895180762383),0,837,2769,2497,2899,38,6.52,32,5000,Oct-20
912,Spark 6 Go KE5j 3/64GB Aqua Blue (4895180762918),0,799,3193,2899,3399,34,6.52,64,5000,Nov-20
913,Spark 6 KE7 4/128GB Comet Black (4895180762079),0,1005,4129,3740,4399,45,6.8,128,5000,Nov-20
914,Spark 6 KE7 4/64GB Ocean Blue (4895180762024),0,983,3750,3399,3999,44,6.8,64,5000,Nov-20
915,Surface Duo 6GB/256GB (TGM-00001),0,501,44232,42999,46879,5,8.1,256,3577,Jan-21
916,T1 Yellow,7,86,1048,1048,1049,2,2.4,0.032,2100,Apr-20
917,T1 Yellow,7,36,1048,1048,1049,2,2.4,0.032,2100,Apr-20
918,T3 Pro 3/16GB Black,0,649,1949,,,1,5.5,16,4080,Dec-18
919,T3 Pro 3/16GB Black,0,648,1949,,,1,5.5,16,4080,Dec-18
920,T301 Black (4895180743320),7,707,294,260,344,41,1.77,0,1150,Dec-19
921,T372 TripleSIM Black (4895180746833),7,949,366,325,410,17,2.4,0,1150,Dec-19
922,T454 Champagne Gold (4895180745980),7,428,536,449,649,30,2.8,0,1500,Dec-20
923,T474 Blue (4895180748004),7,547,614,517,739,28,2.8,0,1900,Dec-20
924,U 6/128GB Black,0,518,5095,4897,5400,3,5.99,128,3620,Nov-19
925,U11 4/64GB Black 99HAMB075-00,0,682,5649,5399,5899,2,5.5,64,3000,Jun-17
926,U11 4/64GB White,0,20,5899,,,1,5.5,64,3000,Jun-17
927,U20 5G 8/256GB White,0,579,19649,18895,20999,10,6.8,256,5000,Nov-20
928,U3H 8/256GB Black,0,372,6615,6499,6726,3,6.53,256,3500,Jun-20
929,U3H 8/256GB Black,0,354,6615,6499,6726,3,6.53,256,3500,Jun-20
930,V10 6/128GB Dual Beach Gold,0,231,6980,,,1,5.9,128,3750,Jan-18
931,V182 Black,7,19,249,239,259,2,1.8,0.032,600,Sep-17
932,V20 8/128GB Midnight Jazz,0,894,11632,10420,11999,26,6.44,128,4000,Oct-20
933,V20 8/128GB Sunset Melody,0,935,11360,10499,11999,9,6.44,128,4000,Oct-20
934,V20 SE 8/128GB Gravity Black,0,684,8762,7869,8999,9,6.44,128,4100,Oct-20
935,V241 (Black),7,5,326,222,373,14,2.4,0.032,1000,Sep-16
936,V281 Black,7,264,400,299,505,20,2.8,0.032,1450,Apr-17
937,V281 Black,7,276,400,299,505,20,2.8,0.032,1450,Apr-17
938,V40 ThinQ 4/64GB Aurora Black,0,919,6874,6699,7049,2,6.4,128,3300,Nov-19
939,V50 ThinQ 5G 6/128GB Single Sim Black,0,1081,9798,9299,10099,3,6.4,128,4000,Oct-19
940,V50S ThinQ 5G 8/256GB Aurora Black,0,1100,10499,9999,10999,2,6.4,256,4000,May-20
941,V9 6/64GB Red,0,344,6186,6102,6270,2,5.7,64,4000,Oct-18
942,V9 6/64GB Red,0,363,6186,6102,6270,2,5.7,64,4000,Oct-18
943,Velvet 5G LM-G900EM 6/128GB Aurora Gray,0,779,15525,15169,16016,7,6.8,128,4300,Dec-20
944,WP1 4/64GB Black,0,9,3404,3299,3509,2,5.5,64,5000,Feb-19
945,WP2 4/64GB Black,0,681,4449,4390,4549,7,6,64,10000,Feb-19
946,WP2 4/64GB Gold,0,33,4433,4360,4539,3,6,64,10000,Feb-19
947,WP5 3/32GB Black,0,728,3149,2999,3449,3,5.5,32,8000,Apr-20
948,WP5 Pro 4/64GB Black,0,969,3813,3719,3949,14,5.5,64,8000,Aug-20
949,WP6 4/128GB Black,0,1085,5231,4960,5759,13,6.3,128,10000,Sep-20
950,WP6 6/128GB Black,0,939,6628,6365,7040,16,6.3,128,10000,Jun-20
951,WP7 8/128GB Black,0,932,9981,9072,12179,21,6.53,128,8000,Jun-20
952,WP8 Pro 4/64GB Black,0,820,4897,3810,13499,11,6.49,64,5000,Nov-20
953,X 4/64GB Black,0,766,2823,2797,2850,2,6,64,6200,Oct-18
954,X Cover 4s G398F (SM-G398FZKD),0,944,7130,5630,7499,33,5,32,2800,Aug-19
955,X Screen 16GB Single K500n White,0,348,2749,2699,2799,2,4.93,16,2300,Oct-19
956,X-STYLE 241 SNAP Black,7,690,647,631,649,12,2.4,0,800,Jan-21
957,X-TREME IO93,7,454,950,899,999,6,2.4,0.032,2500,Dec-20
958,X-TREME IO93,7,459,950,899,999,6,2.4,0.032,2500,Dec-20
959,X-TREME PQ39 ULTRA Black,0,723,9323,7999,9555,37,5.5,128,9000,Nov-20
960,X-TREME PQ39 ULTRA Black-Green,0,485,9348,8070,9555,23,5.5,128,9000,Nov-20
961,X-TREME PQ54 MAX,0,903,6883,5999,7408,27,5.7,64,6500,Nov-20
962,X-style 17 Update Black,7,317,311,279,349,52,1.77,0,1000,Feb-20
963,X-style 18 TRACK Black,7,483,328,299,368,109,1.77,0,1000,Feb-20
964,X-style 24 ONYX Grey,7,493,730,599,844,41,2.4,0,800,Jul-19
965,X-style 31 Power Black,7,830,684,598,711,48,2.8,0,3100,Jan-18
966,X-style 31 Power Blue,7,149,687,598,711,42,2.8,0,3100,Jan-18
967,X-style 31 Power Orange,7,400,682,599,711,41,2.8,0,3100,Aug-20
968,X-style 31 Power Orange,7,410,682,599,711,41,2.8,0,3100,Aug-20
969,X-style 31 Power Yellow,7,277,680,599,711,38,2.8,0,3100,Aug-20
970,X-style 32 Boombox Black,7,541,815,699,856,42,2.4,0,3200,Dec-17
971,X-style 32 Boombox Red,7,320,819,699,856,35,2.4,0,3200,Dec-17
972,X-style 33 Steel Grey,7,584,879,752,899,41,2.8,0,1000,Feb-18
973,X-style 33 Steel Red,7,286,818,699,899,6,2.8,0,1000,Feb-18
974,X-style 34NRG Black,7,496,570,499,605,39,2.4,0,4050,Nov-19
975,X-style 34NRG Blue,7,491,569,499,605,41,2.4,0,4050,Nov-19
976,X-style 36 Point Black,7,776,705,599,725,34,3.2,0,2500,Aug-20
977,X-style S3500 sKai Black,4,832,1036,899,1059,42,2.4,4,2000,Sep-19
978,X-treme DT68 black,7,516,1206,959,1244,39,2.4,0,2100,Mar-18
979,X-treme DT68 black-red,7,41,1225,1199,1244,4,2.4,0,2100,Mar-18
980,X-treme DZ68 Black,7,136,2066,2050,2099,3,2.4,0.0032,4500,Oct-18
981,X-treme DZ68 Black-yellow,7,289,2049,1999,2099,2,2.4,0.0032,4500,Oct-18
982,X-treme DZ68 Black-yellow,7,327,2049,1999,2099,2,2.4,0.0032,4500,Oct-18
983,X-treme IT67m black-orange,7,598,1067,1060,1070,6,2.2,0,1700,Jun-19
984,X-treme PQ20 Black,0,822,2552,2199,3399,42,5,8,5000,Aug-19
985,X-treme PQ20 Black Orange,0,360,2546,2280,3399,39,5,8,5000,Aug-19
986,X-treme PQ20 Black Orange,0,368,2546,2280,3399,39,5,8,5000,Aug-19
987,X-treme PQ24 Black,0,154,2999,,,1,5,8,5000,Jan-17
988,X-treme PQ24 Black/Orange,0,3,2999,,,1,5,8,5000,Jan-17
989,X-treme PQ29 Black,0,237,4175,3999,4486,27,5,16,5000,Apr-19
990,X-treme PQ29 Black-Orange,0,371,4074,3680,4455,25,5,16,5000,Apr-19
991,X-treme PQ29 Black-Orange,0,353,4074,3680,4455,25,5,16,5000,Apr-19
992,X-treme PQ36 Black,0,812,4606,4399,4777,8,5.45,32,5000,Apr-20
993,X-treme PQ36 Orange,0,618,4671,4180,4777,8,5.45,32,5000,Apr-20
994,X-treme PQ39 Black,0,247,7399,,,1,5.5,32,9000,Mar-18
995,X-treme PQ52 Black-Orange,0,42,3999,3599,4399,2,5,32,3000,Feb-18
996,X-treme PQ53 Black,0,182,4983,4077,5199,38,5.7,16,5000,Oct-18
997,X-treme PQ54 Black (4827798865712),0,67,6603,6388,6799,3,5.7,32,6500,Dec-18
998,X-treme PT68 Black,7,306,1558,1357,1599,39,2.4,0,4400,Jul-18
999,X-treme ST68 Black,7,737,1399,1230,1444,49,2.8,0,2600,Feb-19
1000,X-treme ST68 black-yellow,7,278,1405,1230,1444,43,2.8,0,2600,Feb-19
1001,X19 4/64GB Black,0,78,3016,2993,3048,3,5.93,64,4000,Aug-20
1002,X2 Pro 8/128GB Lunar White,0,868,10999,,,1,6.5,128,4000,Mar-20
1003,X20 Pro 6/128GB Black,0,315,4265,4160,4370,4,6.3,128,4000,Jun-20
1004,X3 6/64GB Black,0,831,11278,9999,12376,7,5.99,64,4100,Nov-19
1005,X3 8/64GB Black,0,213,15048,,,1,5.99,64,4100,Jun-20
1006,X3 8/64GB Black,0,177,15048,,,1,5.99,64,4100,Jun-20
1007,X50 5G 6/128GB Jungle Green,0,679,9049,8999,9099,2,6.57,128,4200,Oct-20
1008,X50 8/128GB Frost Blue,0,829,15507,13849,17289,24,6.56,128,4315,Jul-20
1009,X50 8/128GB Graze Black,0,892,15505,13849,17289,25,6.56,128,4315,Jul-20
1010,X50 Pro 5G 8/128GB Green,0,513,14659,,,1,6.44,128,4200,Jun-20
1011,X50 Pro 5G 8/256GB Rust Red,0,902,14785,14430,15239,7,6.44,256,4200,Jan-21
1012,X50 Pro 8/256GB Alpha Grey,0,981,24519,22099,26879,14,6.56,256,4315,Jul-20
1013,X60L Matte Black (6924351653118),0,16,2200,2149,2251,2,5.5,16,3300,Apr-18
1014,X7 Dual Sim 6/128GB Black,0,250,7515,7357,7757,4,6.18,128,3500,Oct-19
1015,X7 Dual Sim 6/64GB Black,0,652,6916,6333,7524,6,6.18,64,3500,Aug-19
1016,X90 1/16GB Black,0,725,1844,1333,2089,7,6.1,16,3400,May-19
1017,X90 1/16GB Blue,0,479,1967,1779,2089,4,6.1,16,3400,May-19
1018,X90 1/16GB Gold,0,30,1949,1775,2249,11,6.1,16,3400,May-19
1019,X90 1/16GB Gold,0,24,1949,1775,2249,11,6.1,16,3400,May-19
1020,X90L 3/16GB Green,0,311,2399,,,1,6.1,16,3400,May-19
1021,X90L 3/16GB Purple,0,130,2399,,,1,6.1,16,3400,May-19
1022,X90L 3/16GB Purple,0,105,2399,,,1,6.1,16,3400,May-19
1023,X95 2/16GB Black,0,677,2494,2040,2799,19,6.52,16,4350,Jun-20
1024,X95 2/16GB Green,0,457,2517,2090,2923,28,6.52,16,4350,Jun-20
1025,X95 2/16GB Green,0,447,2517,2090,2923,28,6.52,16,4350,Jun-20
1026,Xenium E106 Black,7,350,517,444,680,10,1.77,0.032,1050,Jun-17
1027,Xenium E109 Black,7,604,480,459,570,33,1.77,0.032,1000,Jun-19
1028,Xenium E182 Blue,7,742,1368,1269,1759,30,2.4,0.032,3100,Aug-19
1029,Xenium E255 Black,7,592,1395,1325,1469,21,2.4,0.032,1050,Aug-19
1030,Xenium E255 Blue,7,429,1393,1290,1469,24,2.4,0,1050,Dec-19
1031,Xenium E255 Red,7,581,1397,1325,1469,5,2.4,0,1050,Aug-20
1032,Xenium E580 Dual Sim Black,7,975,1978,1599,2389,27,2.8,0.128,3100,Feb-20
1033,Xperia 1 II XQ-AT51 8/256GB Black,0,357,29990,,,1,6.5,256,4000,Dec-20
1034,Xperia 1 II XQ-AT51 8/256GB Black,0,365,29990,,,1,6.5,256,4000,Dec-20
1035,Xperia 1 II XQ-AT52 12/256GB Mirror Lake Green,0,1001,34165,31520,36999,18,6.5,256,4000,Dec-20
1036,Xperia 1 II XQ-AT52 8/256GB Purple,0,1066,31426,29990,33999,20,6.5,256,4000,Aug-20
1037,Xperia 1 J9110 Black,0,1028,18063,17480,18999,21,6.5,128,3330,Jun-19
1038,Xperia 10 I4113 Black,0,950,5599,,,1,6,64,2870,Mar-19
1039,Xperia 10 II 4/128GB Mint,0,1143,10887,10319,11990,15,6,128,3600,Aug-20
1040,Xperia 5 II 8/128GB Black,0,284,29990,,,1,6.1,128,4000,Dec-20
1041,Xperia 5 II 8/256GB Blue,0,1025,29927,28549,31894,18,6.1,256,4000,Oct-20
1042,Xperia 5 J9210 6/128GB Black,0,1014,17475,16980,18499,21,6.1,128,3140,Sep-19
1043,Xperia C5 Ultra Dual E5533 (Black),0,197,8999,,,1,6,16,2930,Sep-15
1044,Xperia XA1 Dual (G3112) Black,0,526,3399,,,1,5,32,2300,May-17
1045,Xperia XA1 Dual (G3112) Black,0,537,3399,,,1,5,32,2300,May-17
1046,Xperia XZ (Black),0,709,5749,,,1,5.2,64,2900,Sep-16
1047,Xperia XZ (Blue),0,268,5199,,,1,5.2,64,2900,Sep-16
1048,Xperia XZ (Blue),0,256,5199,,,1,5.2,64,2900,Sep-16
1049,Xperia XZ Dual F8332 (Black),0,561,5199,,,1,5.2,64,2900,Oct-16
1050,Xperia Z (Black),0,505,2070,,,1,5,16,2330,Jan-13
1051,Xperia Z5 Dual E6683 (White),0,565,5244,5143,5415,5,5.2,32,2900,Sep-15
1052,Xperia Z5 Premium E6853 (Black),0,676,4560,,,1,5.5,32,3430,Sep-15
1053,Xrover C 2/16GB Black,0,69,2684,2599,2769,2,5.72,16,5000,Mar-20
1054,Y11 3/32GB Agate Red,0,388,3497,,,1,6.35,32,5000,Dec-19
1055,Y15 4/64GB Aqua Blue,0,627,4249,3960,4915,16,6.35,64,5000,Jul-19
1056,Y15 4/64GB Aqua Blue,0,623,4249,3960,4915,16,6.35,64,5000,Jul-19
1057,Y15 4/64GB Burgundy Red,0,573,4356,4145,4499,6,6.35,64,5000,Jul-19
1058,Y19 4/128GB Black,0,739,4998,4997,4999,2,6.53,128,5000,Dec-19
1059,Y1S 2/32GB Black,0,680,3117,2849,3729,43,6.22,32,4030,Jul-20
1060,Y1S 2/32GB Blue,0,574,3080,2850,3209,47,6.22,32,4030,Jul-20
1061,Y20 4/64GB Nebula Blue,0,810,4732,4299,4999,40,6.51,64,5000,Oct-20
1062,Y20 4/64GB Obsidian Black,0,928,4752,4299,5296,36,6.51,64,5000,Oct-20
1063,Y30 4/64GB Black,0,587,4481,4399,4499,7,6.47,64,5000,Jul-20
1064,Y30 4/64GB Blue,0,896,4467,4349,4499,8,6.47,64,5000,Jul-20
1065,Y5 2019 2/16GB Black (51093SHA),0,595,2742,2689,2799,9,5.71,16,3020,May-19
1066,Y5 2019 2/16GB Black (51093SHA),0,602,2742,2689,2799,9,5.71,16,3020,May-19
1067,Y5 2019 2/16GB Brown (51093SHE),0,787,2768,2599,3109,12,5.71,16,3020,May-19
1068,Y5p 2/32GB Mint Green (51095MUB),0,961,2598,2399,2699,10,5.45,32,3020,May-20
1069,Y6 2019 DS Amber Brown (51093PMR),0,575,3195,2999,3299,3,6.09,32,3020,Mar-19
1070,Y6 2019 DS Amber Brown (51093PMR),0,577,3195,2999,3299,3,6.09,32,3020,Mar-19
1071,Y6 2019 DS Blue,0,352,3121,2829,3299,5,6.09,32,3020,Apr-19
1072,Y6 2019 DS Blue,0,370,3121,2829,3299,5,6.09,32,3020,Apr-19
1073,Y6 2019 DS Midnight Black (51093PMP),0,791,2974,2699,3299,8,6.09,32,3020,Mar-19
1074,Y6 Prime 2018 3/32GB Gold (51092MFF),0,185,3869,,,1,5.7,32,3000,May-18
1075,Y6 Prime 2018 3/32GB Gold (51092MFF),0,218,3869,,,1,5.7,32,3000,May-18
1076,Y6 Pro (Gold),0,408,2687,2666,2708,2,5,16,4000,Mar-16
1077,Y6p 3/64GB Midnight Black (51095KYP),0,1086,3812,3330,4199,44,6.3,64,5000,May-20
1078,Y6s 3/32GB Orhid Blue (51094WBU),0,260,3516,3299,3888,5,6.09,32,3020,Jan-20
1079,Y6s 3/32GB Orhid Blue (51094WBU),0,272,3516,3299,3888,5,6.09,32,3020,Jan-20
1080,Y6s 3/32GB Starry Black (51094WBW),0,789,3496,3199,3888,5,6.09,32,3020,Jan-20
1081,Y7 2019 3/32GB Coral Red (51093HEW),0,550,3702,3499,4009,3,6.26,32,4000,Feb-19
1082,Y7 2019 3/32GB Coral Red (51093HEW),0,555,3702,3499,4009,3,6.26,32,4000,Feb-19
1083,Y7 Prime 2018 3/32GB Black (51092JHA),0,229,4190,,,1,5.99,32,3000,May-18
1084,Y9 Plus 4/64GB Black,0,15,3199,,,1,6.3,64,4350,Dec-19
1085,Y9 Plus 4/64GB Blue,0,55,3199,,,1,6.3,64,4350,Dec-19
1086,ZenFone Live ZB501KL Navy Black (ZB501KL-4A053A),0,281,3145,,,1,5,32,2650,Jul-18
1087,Zenfone 5 ZE620KL 4/64GB Blue (ZE620KL-1A012WW),0,893,5663,5528,5799,2,6.2,64,3300,Mar-18
1088,Zenfone 7 Pro ZS671KS 8/256GB Black,0,980,27417,26290,31299,23,6.67,256,5000,Oct-20
1089,Zenfone 7 ZS670KS 8/128GB Black,0,1012,21435,20650,23799,20,6.67,128,5000,Oct-20
1090,i144c Black,7,486,249,219,317,14,1.44,0,600,Sep-20
1091,i144c Red,7,409,241,218,291,18,1.44,0,600,Sep-20
1092,i144c Red,7,398,241,218,291,18,1.44,0,600,Sep-20
1093,i144m Black,7,492,220,209,229,4,1.44,0,600,Sep-20
1094,i144m Blue,7,844,235,198,314,24,1.44,0,600,Dec-19
1095,i187 Black,7,266,398,353,496,23,1.77,0.032,800,Jul-19
1096,i187 Black,7,254,398,353,496,23,1.77,0.032,800,Jul-19
1097,i187 White,7,61,392,346,461,11,1.77,0.032,800,Jul-19
1098,i189 Black,7,246,308,270,409,25,1.77,0,800,Dec-19
1099,i189 Blue,7,14,303,260,377,31,1.77,0,800,Jan-20
1100,i220 Black,7,927,596,542,719,28,2.2,0.032,1900,Oct-19
1101,i220 Red,7,917,598,542,719,26,2.2,0.032,1900,Oct-19
1102,i240 (Black),7,80,530,350,699,16,2.4,0.064,800,Dec-14
1103,i2400 Black,7,356,692,616,829,25,2.4,0,800,Jan-20
1104,i2400 Black,7,364,692,616,829,25,2.4,0,800,Jan-20
1105,i2400 Red,7,826,687,595,829,29,2.4,0,800,Aug-19
1106,i2401 Red,7,466,387,353,469,15,2.4,0,1000,Feb-20
1107,i2410 Grey,7,37,529,499,549,6,2.4,0,1000,Jan-20
1108,i2410 Grey,7,87,529,499,549,6,2.4,0,1000,Jan-20
1109,i248 Black,7,10,395,349,433,4,2.4,0,800,Feb-19
1110,i281 Black,7,26,733,647,888,29,2.8,0.032,1400,Aug-17
1111,i281 Black,7,95,733,647,888,29,2.8,0.032,1400,Aug-17
1112,i281 Red,7,308,741,636,998,29,2.8,0.032,1400,Aug-17
1113,i282 Grey,7,152,689,599,780,2,2.8,0.032,1200,Sep-17
1114,i283 Red,7,50,999,,,1,2.8,0.032,1000,Oct-18
1115,i284 Black,7,702,584,504,763,35,2.8,0,1750,Jan-20
1116,i284 Red,7,140,574,529,695,32,2.8,0,1750,Jan-20
1117,i284 Violet-blue,7,613,580,528,709,34,2.8,0,1750,Jan-20
1118,i285 X-Treme Black-Yellow,7,381,1071,999,1144,2,2.8,0,2500,Aug-19
1119,iPhone 11 128GB Black (MWLE2),3,1215,22320,19740,25178,100,6.1,128,3110,Sep-19
1120,iPhone 11 128GB Dual Sim Black (MWN72),3,968,23176,20868,25645,37,6.1,128,3110,Sep-19
1121,iPhone 11 128GB Slim Box Black (MHDH3),3,1106,22105,20469,25248,46,6.1,128,3110,Nov-20
1122,iPhone 11 256GB Black (MWLL2),3,1090,25919,21432,28499,76,6.1,256,3110,Sep-19
1123,iPhone 11 256GB Slim Box Black (MHDP3),3,635,26090,24299,29999,27,6.1,256,3110,Nov-20
1124,iPhone 11 64GB Black (MWLT2),3,1221,20889,18200,26499,93,6.1,64,3110,Sep-19
1125,iPhone 11 64GB Dual Sim White (MWN12),3,804,20986,19458,25290,33,6.1,64,3110,Sep-19
1126,iPhone 11 64GB Slim Box Black (MHDA3),3,854,21228,19380,24999,37,6.1,64,3110,Nov-20
1127,iPhone 11 Pro 256GB Dual Sim Midnight Green (MWDH2),3,708,33505,31199,38003,21,5.8,256,3190,Oct-19
1128,iPhone 11 Pro 256GB Midnight Green (MWCQ2),3,1189,31724,26700,38999,94,5.8,256,3190,Sep-19
1129,iPhone 11 Pro 512GB Dual Sim Silver (MWDK2),3,564,36188,31899,50670,39,5.8,512,3190,Oct-19
1130,iPhone 11 Pro 512GB Midnight Green (MWCV2),3,943,34617,29610,45999,76,5.8,512,3190,Sep-19
1131,iPhone 11 Pro 64GB Dual Sim Silver (MWDA2),3,542,29614,24534,32162,33,5.8,64,3190,Oct-19
1132,iPhone 11 Pro 64GB Space Gray (MWC22/MWCH2),3,1207,28735,22842,32999,78,5.8,64,3190,Sep-19
1133,iPhone 11 Pro Max 256GB Dual Sim Gold (MWF32),3,756,38918,32699,48020,16,6.5,256,3969,Oct-19
1134,iPhone 11 Pro Max 256GB Midnight Green (MWH72),3,1119,35280,30174,42499,82,6.5,256,3969,Sep-19
1135,iPhone 11 Pro Max 512GB Dual Sim Silver (MWF62),3,379,42968,37639,46399,34,6.5,512,3969,Oct-19
1136,iPhone 11 Pro Max 512GB Space Gray (MWH82),3,1069,38447,28050,49499,73,6.5,512,3969,Sep-19
1137,iPhone 11 Pro Max 64GB Dual Sim Space Gray (MWEV2),3,628,32583,29328,35717,37,6.5,64,3969,Oct-19
1138,iPhone 11 Pro Max 64GB Dual Sim Space Gray (MWEV2),3,624,32583,29328,35717,37,6.5,64,3969,Oct-19
1139,iPhone 11 Pro Max 64GB Space Gray (MWGY2; MWHD2),3,1176,32053,26999,40999,75,6.5,64,3969,Sep-19
1140,iPhone 12 128GB Black (MGJA3/MGHC3),3,1213,28735,25380,35499,125,6.1,128,2815,Oct-20
1141,iPhone 12 128GB Dual Sim Black (MGGU3),3,846,29168,27847,36530,32,6.1,128,2815,Oct-20
1142,iPhone 12 256GB Black (MGJG3/MGHH3),3,1091,31795,29328,38999,93,6.1,256,2815,Oct-20
1143,iPhone 12 256GB Dual Sim Black (MGH13),3,735,33660,30992,39340,22,6.1,256,2815,Oct-20
1144,iPhone 12 64GB Blue (MGJ83/MGH93),3,1205,26840,24665,33499,117,6.1,64,2815,Oct-20
1145,iPhone 12 64GB Dual Sim (PRODUCT)RED (MGGP3),3,987,25792,24299,33720,40,6.1,64,2815,Oct-20
1146,iPhone 12 Pro 128GB Dual Sim Pacific Blue (MGLD3),3,1043,35507,33550,42999,37,6.1,128,2815,Oct-20
1147,iPhone 12 Pro 128GB Pacific Blue (MGMN3/MGLR3),3,1224,33992,31849,42999,101,6.1,128,2815,Oct-20
1148,iPhone 12 Pro 256GB Dual Sim Pacific Blue (MGLH3),3,996,38912,36299,48999,38,6.1,256,2815,Oct-20
1149,iPhone 12 Pro 256GB Pacific Blue (MGMT3/MGLW3),3,1198,37068,34745,53731,94,6.1,256,2815,Oct-20
1150,iPhone 12 Pro 512GB Dual Sim Pacific Blue (MGLM3),3,724,46503,44199,50760,29,6.1,512,2815,Oct-20
1151,iPhone 12 Pro 512GB Pacific Blue (MGMX3/MGM43),3,873,44716,41996,51999,82,6.1,512,2815,Oct-20
1152,iPhone 12 Pro Max 128GB Dual Sim Graphite (MGC03),3,1046,37574,35941,46999,38,6.7,128,3687,Nov-20
1153,iPhone 12 Pro Max 128GB Graphite (MGD73),3,1216,37455,33692,46999,115,6.7,128,3687,Oct-20
1154,iPhone 12 Pro Max 256GB Dual Sim Pacific Blue (MGC73),3,997,41729,39620,50999,30,6.7,256,3687,Nov-20
1155,iPhone 12 Pro Max 256GB Pacific Blue (MGDF3),3,1203,40910,37216,50499,120,6.7,256,3687,Oct-20
1156,iPhone 12 Pro Max 512GB Dual Sim Pacific Blue (MGCE3),3,872,49242,45120,64999,33,6.7,512,3687,Nov-20
1157,iPhone 12 Pro Max 512GB Pacific Blue (MGDL3),3,1103,46325,43396,57999,92,6.7,512,3687,Oct-20
1158,iPhone 12 mini 128GB Black (MGE33),3,1183,25687,23293,31499,111,5.4,128,2227,Oct-20
1159,iPhone 12 mini 256GB Black (MGE93),3,995,31369,28599,35499,81,5.4,256,2227,Oct-20
1160,iPhone 12 mini 64GB Black (MGDX3),3,1195,23939,21150,31672,112,5.4,64,2227,Oct-20
1161,iPhone 5C 32GB (White),3,8,3000,,,1,4,32,1510,Sep-13
1162,iPhone 5C 8GB (White),3,633,2445,,,1,4,8,1510,Apr-14
1163,iPhone 5S 16GB Space Gray (ME432),3,780,4691,3499,5827,6,4,16,1570,Sep-13
1164,iPhone 5S 32GB (Space Gray),3,524,3704,3699,3713,3,4,32,1570,Sep-13
1165,iPhone 6 128GB (Gold),3,32,5250,,,1,4.7,128,1810,Sep-14
1166,iPhone 6 16GB Space Gray (MG472),3,589,4266,4230,4290,3,4.7,16,1810,Sep-14
1167,iPhone 6 32GB Space Grey (MQ3D2),3,644,6988,4550,8137,5,4.7,32,1810,Mar-17
1168,iPhone 6 64GB Space Gray (MG4F2),3,716,4623,4500,4794,4,4.7,64,1810,Sep-14
1169,iPhone 6 Plus 128GB (Space Gray),3,940,6400,,,1,5.5,128,2915,Sep-14
1170,iPhone 6 Plus 16GB (Silver),3,313,5242,5239,5248,3,5.5,16,2915,Sep-14
1171,iPhone 6 Plus 64GB Space Gray (MGAH2),3,341,5889,5889,5890,2,5.5,64,2915,Sep-14
1172,iPhone 6s 128GB Space Gray (MKQT2),3,402,6876,6319,7990,3,4.7,128,1715,Sep-15
1173,iPhone 6s 128GB Space Gray (MKQT2),3,412,6876,6319,7990,3,4.7,128,1715,Sep-15
1174,iPhone 6s 16GB Space Gray (MKQJ2),3,640,5181,4899,5990,4,4.7,16,1715,Sep-15
1175,iPhone 6s 32GB Space Gray (MN0W2),3,922,5917,4394,9824,7,4.7,32,1715,Sep-16
1176,iPhone 6s 64GB Space Gray (MKQN2),3,687,9057,5699,10992,9,4.7,64,1715,Sep-15
1177,iPhone 6s Plus 16GB Space Gray (MKU12),3,489,6500,,,1,5.5,16,2915,Sep-15
1178,iPhone 6s Plus 32GB Space Gray (MN2V2),3,683,9422,6900,10406,8,5.5,32,2915,Sep-16
1179,iPhone 6s Plus 64GB Space Gray (MKU62),3,754,7074,6800,7499,4,5.5,64,2915,Sep-15
1180,iPhone 7 128GB Jet Black (MN962),3,1121,11829,6193,16327,21,4.7,128,1960,Sep-16
1181,iPhone 7 256GB Black (MN972),3,351,12446,8000,18016,10,4.7,256,1960,Sep-16
1182,iPhone 7 256GB Black (MN972),3,369,12446,8000,18016,10,4.7,256,1960,Sep-16
1183,iPhone 7 32GB Black (MN8X2),3,1169,9571,5987,12949,37,4.7,32,1960,Sep-16
1184,iPhone 7 Plus 128GB Black (MN4M2),3,1110,14468,8699,19705,42,5.5,128,2900,Sep-16
1185,iPhone 7 Plus 256GB Rose Gold (MN502),3,885,16392,7447,22520,12,5.5,256,2900,Sep-16
1186,iPhone 7 Plus 32GB Black (MNQM2),3,1032,12412,8100,17735,31,5.5,32,2900,Sep-16
1187,iPhone 7 Plus 32GB Black (MNQM2),3,1033,12412,8100,17735,31,5.5,32,2900,Sep-16
1188,iPhone 8 128GB Gold (MX182),3,678,13575,12099,17453,40,4.7,128,2691,Oct-19
1189,iPhone 8 256GB Space Gray (MQ7F2),3,834,14817,8505,19987,31,4.7,256,2691,Sep-17
1190,iPhone 8 64GB Space Gray (MQ6G2),3,1162,11745,7343,15060,48,4.7,64,2691,Sep-17
1191,iPhone 8 Plus 128GB Gold (MX262),3,741,18509,14000,22690,30,5.5,128,2691,Oct-19
1192,iPhone 8 Plus 256GB Space Gray (MQ8G2),3,911,19043,12729,23928,40,5.5,256,2691,Sep-17
1193,iPhone 8 Plus 64GB Space Gray (MQ8L2),3,1108,15605,10064,20550,46,5.5,64,2691,Sep-17
1194,iPhone SE 128GB Space Grey (MP862),3,774,10260,6100,12645,3,4,128,1624,Mar-17
1195,iPhone SE 16GB Space Gray (MLLN2),3,853,6240,4200,7524,3,4,16,1624,Mar-16
1196,iPhone SE 2020 128GB Black (MXD02/MXCW2),3,1112,15533,13899,17569,97,4.7,128,1828,Apr-20
1197,iPhone SE 2020 128GB Slim Box Black (MHGT3),3,755,15937,14200,18999,29,4.7,128,1828,Nov-20
1198,iPhone SE 2020 256GB Black (MXVT2/MXVP2),3,977,17076,15087,20499,67,4.7,256,1828,Apr-20
1199,iPhone SE 2020 256GB Slim Box White (MHGX3),3,450,16104,15220,18003,15,4.7,256,1828,Nov-20
1200,iPhone SE 2020 64GB Black (MX9R2/MX9N2),3,1208,13806,10299,16037,105,4.7,64,1828,Apr-20
1201,iPhone SE 2020 64GB Slim Box Black (MHGP3),3,858,14142,12224,16999,27,4.7,64,1828,Nov-20
1202,iPhone SE 32GB Space Grey (MP822),3,887,7991,4949,9941,11,4,32,1624,Mar-17
1203,iPhone SE 64GB Space Gray (MLM62),3,770,7328,5190,10959,3,4,64,1624,Mar-16
1204,iPhone SE 64GB Space Gray (MLM62),3,768,7328,5190,10959,3,4,64,1624,Mar-16
1205,iPhone X 256GB Silver (MQAG2),3,1186,18713,9835,23113,43,5.8,256,2716,Sep-17
1206,iPhone X 64GB Space Gray (MQAC2),3,1212,14185,11000,21113,25,5.8,64,2716,Sep-17
1207,iPhone XR 128GB Black (MRY92),3,1166,19050,13580,22520,102,6.1,128,2942,Sep-18
1208,iPhone XR 128GB Slim Box Black (MH7L3),3,729,19810,17680,22999,27,6.1,128,2942,Nov-20
1209,iPhone XR 256GB Black (MRYJ2),3,852,21688,15281,28489,41,6.1,256,2942,Sep-18
1210,iPhone XR 64GB Black (MRY42),3,1218,16938,12049,19870,125,6.1,64,2942,Sep-18
1211,iPhone XR 64GB Slim Box Black (MH6M3),3,843,17977,16046,20999,24,6.1,64,2942,Nov-20
1212,iPhone XR Dual Sim 128GB Black (MT192),3,765,22520,18399,24855,15,6.1,128,2942,Nov-18
1213,iPhone XR Dual Sim 64GB Black (MT122),3,695,20143,16862,22849,26,6.1,64,2942,Nov-18
1214,iPhone XS 256GB Gold (MT9K2),3,1126,21463,15281,25617,68,5.8,256,2568,Sep-18
1215,iPhone XS 512GB Silver (MT9M2),3,803,22842,17832,27500,62,5.8,512,2568,Sep-18
1216,iPhone XS 64GB Space Gray (MT9E2),3,1187,19790,12505,23928,53,5.8,64,2568,Sep-18
1217,iPhone XS Max 256GB Gold (MT552),3,1128,24184,18399,30600,37,6.5,256,3174,Sep-18
1218,iPhone XS Max 512GB Space Gray (MT622),3,842,27190,21150,30200,47,6.5,512,3174,Sep-18
1219,iPhone XS Max 64GB Gold (MT522),3,1101,22685,16018,27900,61,6.5,64,3174,Sep-18
1220,iPhone XS Max Dual Sim 64GB Gold (MT732),3,530,24600,21939,33720,28,6.5,64,3174,Sep-18
1221,nova 5T 6/128GB Black (51094MEU),0,1174,8804,7999,9999,18,6.26,128,3750,Nov-19
1222,nubia Red Magic 5G 8/128GB Black,0,752,18755,18500,19010,2,6.65,128,4500,Oct-20
1223,x-style 35 Screen,7,952,907,785,944,75,3.5,0,1750,Jan-20